metric,orders_per_week,mean_order_value,median_order_value,mean_installments,installment_share,boleto_share,voucher_share,items_per_order,median_freight_ratio,mean_review_score
orders_per_week,1.0,0.23526291107861327,0.08374419271456228,-0.4601962126590692,-0.4237715569110078,0.41848181270949514,0.07311855239767602,0.3434476820153616,-0.208250597419664,0.33001699180454647
mean_order_value,0.23526291107861327,1.0,0.36327290830211323,-0.013108830200284473,-0.06785837850305616,0.13411755660631222,-0.003940345097353024,0.239334639093663,-0.2162437506558417,0.019759351093683927
median_order_value,0.08374419271456228,0.36327290830211323,1.0,0.13140762581738383,0.14731124305421256,-0.054330631474039305,0.06613257268509086,0.14548550911278635,-0.46388562155596175,0.028036035897556686
mean_installments,-0.4601962126590692,-0.013108830200284473,0.13140762581738383,1.0,0.9197708837888748,-0.8213893053473263,0.055407018427462575,-0.33727047489870265,0.017976422302026982,-0.30699265751739513
installment_share,-0.4237715569110078,-0.06785837850305616,0.14731124305421256,0.9197708837888748,1.0,-0.8660900319071234,0.006050832373886497,-0.39127819028671496,-0.025588337648052094,-0.21444662284242494
boleto_share,0.41848181270949514,0.13411755660631222,-0.054330631474039305,-0.8213893053473263,-0.8660900319071234,1.0,-0.10975302685797936,0.561973939904048,-0.020417617375120895,0.21230154153692385
voucher_share,0.07311855239767602,-0.003940345097353024,0.06613257268509086,0.055407018427462575,0.006050832373886497,-0.10975302685797936,1.0,-0.06329936300835355,-0.10346073714261834,-0.12150102160677041
items_per_order,0.3434476820153616,0.239334639093663,0.14548550911278635,-0.33727047489870265,-0.39127819028671496,0.561973939904048,-0.06329936300835355,1.0,0.0008380811792914238,0.02028220559378981
median_freight_ratio,-0.208250597419664,-0.2162437506558417,-0.46388562155596175,0.017976422302026982,-0.025588337648052094,-0.020417617375120895,-0.10346073714261834,0.0008380811792914238,1.0,-0.08341198346601357
mean_review_score,0.33001699180454647,0.019759351093683927,0.028036035897556686,-0.30699265751739513,-0.21444662284242494,0.21230154153692385,-0.12150102160677041,0.02028220559378981,-0.08341198346601357,1.0
