weekday,hour,orders,mean_order_value,median_order_value,mean_installments,installment_share,boleto_share,voucher_share,items_per_order,median_freight_ratio,mean_review_score,orders_share
0,0,322,149.16111801242235,107.50999999999999,2.540372670807453,0.531055900621118,0.18633540372670807,0.027950310559006212,1.1366459627329193,0.21918601558464396,3.993730407523511,0.003278822067898092
0,1,134,135.09574626865674,93.805,2.1791044776119404,0.4701492537313433,0.22388059701492538,0.029850746268656716,1.0820895522388059,0.24091836734693878,4.1923076923076925,0.001364478748752622
0,2,64,119.69484375,90.06,3.03125,0.609375,0.140625,0.015625,1.15625,0.2387406156156156,4.111111111111111,0.0006516913426878195
0,3,36,190.24166666666667,140.22500000000002,2.3333333333333335,0.5277777777777778,0.1111111111111111,0.05555555555555555,1.2777777777777777,0.19711241053987427,4.0588235294117645,0.00036657638026189843
0,4,21,101.8104761904762,62.0,1.0952380952380953,0.38095238095238093,0.2857142857142857,0.047619047619047616,1.0952380952380953,0.2428078250863061,4.095238095238095,0.00021383622181944076
0,5,22,132.5381818181818,82.725,1.3181818181818181,0.4090909090909091,0.2727272727272727,0.09090909090909091,1.0909090909090908,0.22994508794508794,4.545454545454546,0.00022401889904893795
0,6,65,108.77553846153846,94.21,2.476923076923077,0.46153846153846156,0.24615384615384617,0.0,1.0769230769230769,0.22353846153846152,4.246153846153846,0.0006618740199173166
0,7,159,135.19094339622643,98.27,2.188679245283019,0.44025157232704404,0.3018867924528302,0.012578616352201259,1.150943396226415,0.2374749498997996,4.237179487179487,0.0016190456794900516
0,8,475,157.5301052631579,109.89,2.1789473684210527,0.47368421052631576,0.2673684210526316,0.031578947368421054,1.1642105263157896,0.2306151645207439,4.304255319148936,0.00483677168401116
0,9,765,168.41818300653594,109.17,2.2522875816993464,0.4875816993464052,0.25359477124183005,0.030065359477124184,1.1111111111111112,0.2098244054234274,4.151715039577836,0.007789748080565343
0,10,1020,159.22393137254903,105.93,2.3176470588235296,0.4931372549019608,0.23921568627450981,0.03137254901960784,1.1450980392156862,0.22162331969608418,4.093034825870647,0.010386330774087123
0,11,1068,159.40246254681648,106.95,2.0187265917602994,0.45224719101123595,0.24531835205992508,0.025280898876404494,1.1329588014981273,0.22434141109029826,4.185028248587571,0.010875099281102987
0,12,961,164.34324661810612,108.2,2.433922996878252,0.5026014568158168,0.1935483870967742,0.03433922996878252,1.154006243496358,0.2256926952141058,4.1025236593059935,0.00978555281754679
0,13,1013,156.75996051332675,104.76,2.4195459032576507,0.5044422507403751,0.22211253701875616,0.03652517275419546,1.1264822134387351,0.2296049501429852,4.156872509960159,0.010315052033480644
0,14,1082,167.408438077634,104.7,2.386321626617375,0.5175600739371534,0.21534195933456562,0.030499075785582256,1.176524953789279,0.21816881258941342,4.106610800744879,0.011017656762315949
0,15,1065,163.23896713615022,106.02,2.5173708920187794,0.507981220657277,0.21784037558685446,0.028169014084507043,1.1737089201877935,0.2339265850945495,4.057874762808349,0.010844551249414497
0,16,1076,161.6464033457249,114.505,2.1552044609665426,0.46189591078066916,0.22490706319702602,0.031598513011152414,1.1644981412639406,0.22273407799333722,4.166043030869972,0.010956560698938965
0,17,974,156.63237166324436,109.46000000000001,2.3059548254620124,0.5102669404517454,0.20431211498973306,0.026694045174537988,1.162217659137577,0.21847446670976084,4.18904958677686,0.009917927621530253
0,18,915,156.7645573770492,105.47,2.428415300546448,0.5158469945355191,0.19453551912568307,0.03278688524590164,1.1420765027322404,0.22416452442159385,4.086263736263736,0.00931714966498992
0,19,933,168.35669882100748,109.5,2.439442658092176,0.5037513397642015,0.1939978563772776,0.03858520900321544,1.1532690246516613,0.21232098204137304,4.111891891891892,0.009500437855120869
0,20,1016,162.84015748031496,106.46000000000001,2.375,0.5118110236220472,0.19881889763779528,0.02952755905511811,1.1181102362204725,0.22336848143512722,4.085074626865672,0.010345600065169134
0,21,1103,161.3072801450589,107.78,2.4252039891205803,0.5031731640979148,0.185856754306437,0.03173164097914778,1.1187669990933817,0.21774539219888558,4.1170018281535645,0.011231492984135389
0,22,982,172.55255600814664,109.75999999999999,2.7311608961303464,0.5916496945010183,0.15478615071283094,0.034623217922606926,1.1415478615071284,0.2193327067669173,4.173142467620996,0.00999938903936623
0,23,708,164.11224576271186,105.52000000000001,2.709039548022599,0.5409604519774012,0.1638418079096045,0.03389830508474576,1.1398305084745763,0.212615244614258,4.150997150997151,0.007209335478484003
1,0,304,156.96911184210526,104.24000000000001,2.401315789473684,0.506578947368421,0.20065789473684212,0.04276315789473684,1.1217105263157894,0.23189105702863894,4.093023255813954,0.0030955338777671425
1,1,157,152.60598726114648,104.76,2.6751592356687897,0.5222929936305732,0.2356687898089172,0.05732484076433121,1.1290322580645162,0.22548148148148148,3.7243589743589745,0.001598680325031057
1,2,80,123.41175000000001,93.94,2.575,0.6,0.225,0.0375,1.1625,0.2494073487200135,3.8846153846153846,0.0008146141783597744
1,3,28,205.92928571428573,147.64999999999998,3.3214285714285716,0.4642857142857143,0.39285714285714285,0.0,1.3214285714285714,0.17093844538871797,4.428571428571429,0.000285114962425921
1,4,28,143.285,86.86,2.5714285714285716,0.4642857142857143,0.35714285714285715,0.0,1.0357142857142858,0.2690292809736985,4.142857142857143,0.000285114962425921
1,5,24,103.53791666666666,72.02,2.3333333333333335,0.5416666666666666,0.20833333333333334,0.041666666666666664,1.1666666666666667,0.3143358097643868,4.25,0.0002443842535079323
1,6,71,132.97042253521127,105.37,1.971830985915493,0.4507042253521127,0.23943661971830985,0.014084507042253521,1.056338028169014,0.22867132867132867,3.857142857142857,0.0007229700832942997
1,7,219,137.61159817351597,91.03,2.009132420091324,0.4474885844748858,0.2465753424657534,0.0365296803652968,1.1095890410958904,0.2336009882643607,3.963470319634703,0.002230006313259882
1,8,515,141.65114563106795,99.9,2.044660194174757,0.45436893203883494,0.2543689320388349,0.02524271844660194,1.1223300970873786,0.23247496423462086,4.173489278752436,0.005244078773191048
1,9,853,168.73123094958967,109.28,2.184056271981243,0.45955451348182885,0.2473622508792497,0.02813599062133646,1.1629542790152403,0.22857142857142856,4.236749116607774,0.008685823676761094
1,10,950,164.69143157894734,104.32,2.3021052631578947,0.48210526315789476,0.27578947368421053,0.029473684210526315,1.1642105263157896,0.22639372150616469,4.14384288747346,0.00967354336802232
1,11,1040,156.2286730769231,102.28999999999999,2.1346153846153846,0.4798076923076923,0.2653846153846154,0.026923076923076925,1.15,0.21950522333886335,4.146235521235521,0.010589984318677066
1,12,889,161.381968503937,105.27,2.3059617547806526,0.49718785151856015,0.2373453318335208,0.021372328458942633,1.1383577052868392,0.21702838063439064,4.058956916099773,0.009052400057022993
1,13,1036,159.21573359073358,107.875,2.411196911196911,0.5,0.2306949806949807,0.03667953667953668,1.16988416988417,0.2167379679144385,4.078564500484966,0.010549253609759078
1,14,1106,165.5564376130199,104.44999999999999,2.2739602169981916,0.49276672694394213,0.22603978300180833,0.03164556962025317,1.1717902350813743,0.21495422660347974,4.247956403269755,0.01126204101582388
1,15,1026,155.54944444444445,108.0,2.1871345029239766,0.46588693957115007,0.23294346978557504,0.0341130604288499,1.158869395711501,0.21910771631801673,4.066009852216749,0.010447426837464106
1,16,1074,160.48901303538176,106.69,2.4478584729981376,0.5065176908752328,0.24767225325884543,0.027001862197392923,1.1685288640595903,0.21899673782794898,4.113935969868173,0.01093619534447997
1,17,956,164.3515376569038,105.325,2.418410041841004,0.5219665271966527,0.19665271966527198,0.02092050209205021,1.1673640167364017,0.22517908178256418,4.163157894736842,0.009734639431399303
1,18,868,161.61236175115206,103.095,2.2672811059907834,0.4838709677419355,0.22235023041474655,0.027649769585253458,1.1912442396313363,0.2303698188136014,4.066279069767442,0.008838563835203551
1,19,909,158.27895489548956,112.12,2.4906490649064907,0.5258525852585259,0.1551155115511551,0.0297029702970297,1.1221122112211221,0.2235479908755922,4.082872928176796,0.009256053601612937
1,20,970,168.8611649484536,100.11500000000001,2.439175257731959,0.5350515463917526,0.17216494845360825,0.032989690721649485,1.109278350515464,0.2244902687120403,4.112487100103199,0.009877196912612265
1,21,1017,160.885732546706,110.4,2.465093411996067,0.5329400196656834,0.16125860373647985,0.049164208456243856,1.1366764995083578,0.21477622543215724,4.124503968253968,0.010355782742398631
1,22,955,163.0006492146597,114.93,2.7403141361256544,0.5518324607329843,0.16020942408376965,0.03769633507853403,1.1549738219895287,0.20623188405797102,4.268743400211193,0.009724456754169806
1,23,685,153.55335766423357,106.9,2.7489051094890513,0.5620437956204379,0.18686131386861313,0.042335766423357665,1.145985401459854,0.21525096525096526,4.11340206185567,0.006975133902205568
2,0,392,165.85732142857142,106.22,2.7831632653061225,0.548469387755102,0.17857142857142858,0.04336734693877551,1.1811224489795917,0.2435525928469803,4.071979434447301,0.003991609473962894
2,1,175,146.8701714285714,83.23,2.8285714285714287,0.52,0.21142857142857144,0.022857142857142857,1.103448275862069,0.2533605517307511,4.149425287356322,0.0017819685151620065
2,2,81,127.24518518518519,79.1,2.962962962962963,0.5679012345679012,0.19753086419753085,0.04938271604938271,1.1604938271604939,0.27398843930635836,4.074074074074074,0.0008247968555892716
2,3,31,127.09967741935485,90.62,1.2903225806451613,0.2903225806451613,0.3548387096774194,0.03225806451612903,1.2258064516129032,0.2519028834935274,4.0,0.00031566299411441256
2,4,33,102.34848484848484,63.06,1.4848484848484849,0.3333333333333333,0.18181818181818182,0.09090909090909091,1.121212121212121,0.3008463708643242,4.2272727272727275,0.00033602834857340694
2,5,26,119.72115384615384,102.31,1.8461538461538463,0.3076923076923077,0.2692307692307692,0.07692307692307693,1.1538461538461537,0.30430736769159605,4.038461538461538,0.0002647496079669267
2,6,93,125.86290322580645,95.85,2.053763440860215,0.44086021505376344,0.1827956989247312,0.021505376344086023,1.086021505376344,0.22437395659432388,4.230769230769231,0.0009469889823432376
2,7,210,151.6367619047619,93.475,2.642857142857143,0.49523809523809526,0.2619047619047619,0.004761904761904762,1.1333333333333333,0.2481281513592387,4.2548076923076925,0.002138362218194408
2,8,508,159.28976377952756,105.25999999999999,2.2696850393700787,0.4744094488188976,0.20866141732283464,0.03937007874015748,1.1279527559055118,0.22035210484791465,4.094861660079052,0.005172800032584567
2,9,817,172.56982864137086,106.52,2.1591187270501835,0.45532435740514077,0.2484700122399021,0.02937576499388005,1.193390452876377,0.22781954887218045,4.155363748458693,0.008319247296499195
2,10,1029,161.64586005830904,104.37,2.2312925170068025,0.478134110787172,0.23809523809523808,0.03012633624878523,1.1438289601554907,0.23247496423462086,4.157016683022571,0.010477974869152598
2,11,1046,157.8706309751434,108.05,2.1978967495219885,0.4684512428298279,0.2390057361376673,0.040152963671128104,1.1386233269598471,0.22437395659432388,4.18900675024108,0.01065108038205405
2,12,912,157.65308114035085,104.775,2.2017543859649122,0.48355263157894735,0.23574561403508773,0.044956140350877194,1.1589912280701755,0.2330142527730666,4.0739514348785875,0.009286601633301427
2,13,1009,156.60470763131812,102.03,2.392467789890981,0.5034687809712587,0.22993062438057482,0.028741328047571853,1.128968253968254,0.23523528571308508,4.156156156156156,0.010274321324562654
2,14,1039,169.94065447545717,105.99,2.4667949951876804,0.5101058710298364,0.21944177093359,0.028873917228103944,1.181905678537055,0.22377224199288256,4.18568665377176,0.01057980164144757
2,15,971,162.79660144181256,98.82,2.171987641606591,0.46961894953656025,0.21627188465499486,0.03192584963954686,1.152420185375901,0.23464692938587717,4.180497925311204,0.00988737958984176
2,16,1024,170.252568359375,106.30000000000001,2.44921875,0.513671875,0.2099609375,0.0302734375,1.1494140625,0.22464311839451678,4.147492625368732,0.010427061483005111
2,17,958,163.74544885177454,101.155,2.326722338204593,0.5041753653444676,0.21920668058455114,0.025052192066805846,1.1419624217118998,0.21769111318668094,4.157563025210084,0.009755004785858298
2,18,837,186.46545997610514,110.55,2.3775388291517325,0.5185185185185185,0.17562724014336917,0.035842293906810034,1.145758661887694,0.22148137411219018,4.169675090252707,0.00852290084108914
2,19,833,154.0713805522209,106.89,2.5558223289315727,0.5402160864345739,0.1716686674669868,0.028811524609843937,1.1200480192076832,0.2223492426407545,4.118932038834951,0.00848217013217115
2,20,892,149.8145067264574,103.34,2.39237668161435,0.523542600896861,0.19506726457399104,0.026905829596412557,1.116591928251121,0.23278760994497033,4.184240362811791,0.009082948088711485
2,21,953,149.00633788037777,98.35,2.3011542497376705,0.49422875131164745,0.18363064008394545,0.03672612801678909,1.120798319327731,0.2360601001669449,4.0971337579617835,0.009704091399710813
2,22,872,149.86707568807338,103.07,2.4805045871559632,0.5286697247706422,0.1536697247706422,0.033256880733944956,1.098623853211009,0.22968580874590208,4.129779837775203,0.00887929454412154
2,23,612,138.57400326797384,98.88,2.588235294117647,0.5392156862745098,0.17483660130718953,0.016339869281045753,1.1094771241830066,0.23606724751386976,4.06507413509061,0.006231798464452274
3,0,354,162.95305084745763,103.405,2.6638418079096047,0.5112994350282486,0.20903954802259886,0.031073446327683617,1.155367231638418,0.23386470128855916,4.009943181818182,0.0036046677392420016
3,1,167,133.52329341317366,85.6,2.2634730538922154,0.5029940119760479,0.20359281437125748,0.059880239520958084,1.1676646706586826,0.2275430359937402,4.128048780487805,0.001700507097326029
3,2,74,141.0418918918919,103.33,2.7162162162162162,0.5675675675675675,0.16216216216216217,0.04054054054054054,1.1486486486486487,0.23383582860092927,4.260273972602739,0.0007535181149827913
3,3,39,138.47564102564104,86.25,2.051282051282051,0.4358974358974359,0.28205128205128205,0.05128205128205128,1.0769230769230769,0.267935871743487,4.526315789473684,0.00039712441195039
3,4,31,146.14935483870968,90.81,3.4838709677419355,0.6451612903225806,0.1935483870967742,0.03225806451612903,1.4838709677419355,0.23588244345283893,3.3870967741935485,0.00031566299411441256
3,5,28,112.63321428571429,101.905,1.9285714285714286,0.5714285714285714,0.17857142857142858,0.0,1.0714285714285714,0.17352725097299182,4.666666666666667,0.000285114962425921
3,6,83,116.27963855421686,92.9,1.6987951807228916,0.4457831325301205,0.26506024096385544,0.024096385542168676,1.0843373493975903,0.28256513026052105,4.0602409638554215,0.0008451622100482659
3,7,217,152.6363594470046,97.31,2.152073732718894,0.45161290322580644,0.2626728110599078,0.03225806451612903,1.1336405529953917,0.22573402417962005,4.1157407407407405,0.0022096409588008878
3,8,497,160.83774647887324,102.85,2.3078470824949697,0.45472837022132795,0.23742454728370221,0.018108651911468814,1.1810865191146882,0.2306151645207439,4.115151515151515,0.005060790583060098
3,9,750,156.24448,104.56,2.164,0.484,0.264,0.03333333333333333,1.1653333333333333,0.21408439184308495,4.129530201342281,0.0076370079221228845
3,10,970,154.2453298969072,103.25,2.3051546391752575,0.47835051546391755,0.23505154639175257,0.030927835051546393,1.1670103092783506,0.22241502107882177,4.124741200828157,0.009877196912612265
3,11,945,158.59769312169314,109.08,2.382010582010582,0.4846560846560847,0.2529100529100529,0.030687830687830688,1.1661375661375661,0.22104499274310593,4.096688034188034,0.009622629981874834
3,12,962,167.47073804573805,105.68,2.228690228690229,0.47297297297297297,0.24532224532224534,0.02598752598752599,1.1392931392931394,0.22449610705003906,4.212486883525708,0.009795735494776286
3,13,968,151.76165289256198,100.345,2.31198347107438,0.484504132231405,0.24070247933884298,0.025826446280991736,1.1683884297520661,0.22154608803732806,4.167357512953368,0.00985683155815327
3,14,968,156.0551033057851,107.195,2.3894628099173554,0.5216942148760331,0.22210743801652894,0.02066115702479339,1.1456611570247934,0.22165238338730753,4.096774193548387,0.00985683155815327
3,15,916,164.4361135371179,102.855,2.410480349344978,0.4912663755458515,0.23799126637554585,0.027292576419213975,1.1572052401746724,0.23105433558558558,4.075740944017563,0.009327332342219417
3,16,1066,160.93877110694186,102.805,2.427767354596623,0.5103189493433395,0.20544090056285177,0.036585365853658534,1.1491557223264541,0.22322421748347673,4.098484848484849,0.010854733926643993
3,17,893,162.17858902575588,103.67,2.3941769316909296,0.5128779395296752,0.20716685330347145,0.03471444568868981,1.1287793952967524,0.2222222222222222,4.1824324324324325,0.00909313076594098
3,18,776,170.73884020618556,110.63499999999999,2.390463917525773,0.5103092783505154,0.19716494845360824,0.03479381443298969,1.134020618556701,0.21145132848802572,4.074675324675325,0.007901757530089811
3,19,814,167.84275184275185,109.03,2.383292383292383,0.5036855036855037,0.18673218673218672,0.044226044226044224,1.128992628992629,0.22153648238553897,4.073110285006196,0.008288699264810705
3,20,829,162.39072376357058,105.41,2.548854041013269,0.5355850422195416,0.16767189384800965,0.027744270205066344,1.1459589867310012,0.218546365914787,4.085351089588378,0.008441439423253162
3,21,832,160.02224759615385,105.445,2.6850961538461537,0.5649038461538461,0.15504807692307693,0.036057692307692304,1.1189903846153846,0.23561502679149737,4.157194679564691,0.008471987454941654
3,22,850,162.8289176470588,101.15,2.5447058823529414,0.5188235294117647,0.17176470588235293,0.04470588235294118,1.1294117647058823,0.22794664721362623,4.073286052009457,0.008655275645072602
3,23,541,153.5941774491682,102.2,2.7282809611829943,0.5841035120147874,0.15157116451016636,0.04436229205175601,1.1146025878003696,0.2306151645207439,4.1138059701492535,0.0055088283811579744
4,0,418,155.9876794258373,92.25,2.488038277511962,0.5215311004784688,0.19138755980861244,0.03110047846889952,1.1507177033492824,0.2507659753182141,3.970944309927361,0.004256359081929821
4,1,210,189.75219047619046,101.48,3.3,0.5904761904761905,0.19523809523809524,0.01904761904761905,1.1095238095238096,0.2192869490060501,4.119617224880383,0.002138362218194408
4,2,70,99.34785714285715,76.425,3.0428571428571427,0.6285714285714286,0.18571428571428572,0.02857142857142857,1.0857142857142856,0.29788247042161997,3.869565217391304,0.0007127874060648025
4,3,48,117.36791666666666,90.38,2.9166666666666665,0.5,0.2916666666666667,0.08333333333333333,1.125,0.24623124434096494,4.083333333333333,0.0004887685070158646
4,4,40,128.5595,94.95500000000001,2.25,0.475,0.35,0.0,1.175,0.23450072958872323,4.051282051282051,0.0004073070891798872
4,5,35,211.06685714285715,95.32,1.4,0.42857142857142855,0.34285714285714286,0.0,1.1428571428571428,0.25325542570951587,4.085714285714285,0.00035639370303240127
4,6,96,148.67614583333332,84.92,1.8958333333333333,0.3958333333333333,0.2916666666666667,0.010416666666666666,1.09375,0.25609058492572,3.8854166666666665,0.0009775370140317292
4,7,204,132.2786274509804,91.905,1.9411764705882353,0.4803921568627451,0.19607843137254902,0.0196078431372549,1.107843137254902,0.2499082353994429,4.196078431372549,0.0020772661548174244
4,8,493,154.00780933062882,106.06,2.1419878296146044,0.45841784989858014,0.2718052738336714,0.028397565922920892,1.1602434077079107,0.23527054108216433,4.1189024390243905,0.00502005987414211
4,9,758,161.66715039577835,105.69,2.4274406332453826,0.5079155672823219,0.24010554089709762,0.025065963060686015,1.1451187335092348,0.2143479020979021,4.119205298013245,0.007718469339958862
4,10,942,161.08814225053078,106.995,2.429936305732484,0.5180467091295117,0.23354564755838642,0.020169851380042462,1.153927813163482,0.22061231884057972,4.105656350053362,0.009592081950186343
4,11,983,162.87428280773145,106.87,2.3204476093591047,0.5066124109867752,0.21464903357070192,0.038657171922685654,1.1444557477110886,0.2262222222222222,4.100307062436029,0.010009571716595727
4,12,843,160.2673784104389,102.17,2.33570581257414,0.49228944246737844,0.23962040332147094,0.028469750889679714,1.1577698695136418,0.22107157936843042,4.080143540669856,0.008583996904466122
4,13,989,161.47220424671386,98.72,2.3417593528816987,0.4833164812942366,0.2103134479271992,0.03134479271991911,1.147623862487361,0.2306151645207439,4.103869653767821,0.01007066777997271
4,14,950,171.6533052631579,99.43,2.396842105263158,0.5010526315789474,0.21578947368421053,0.03368421052631579,1.1473684210526316,0.22518194181346887,4.04857444561774,0.00967354336802232
4,15,969,173.2449432404541,107.1,2.557275541795666,0.544891640866873,0.18472652218782248,0.022703818369453045,1.1671826625386996,0.23502350235023503,4.0566528066528065,0.009867014235382767
4,16,960,184.33361458333331,113.535,2.4479166666666665,0.5135416666666667,0.20208333333333334,0.03125,1.190625,0.22257331300683902,4.104493207941484,0.009775370140317293
4,17,807,156.3823667905824,105.28,2.6158612143742257,0.5514250309789344,0.1623296158612144,0.030978934324659233,1.1538461538461537,0.23636268779179564,3.981226533166458,0.008217420524204223
4,18,716,173.08879888268157,108.18,2.4539106145251397,0.5223463687150838,0.19134078212290503,0.04329608938547486,1.1326815642458101,0.20984408747706285,4.044366197183098,0.0072907968963199805
4,19,772,161.39756476683937,106.66,2.5971502590673574,0.5362694300518135,0.17746113989637305,0.034974093264248704,1.1347150259067358,0.21948063100311682,4.037908496732026,0.007861026821171822
4,20,730,152.8400410958904,105.28999999999999,2.3534246575342466,0.5054794520547945,0.18493150684931506,0.036986301369863014,1.1232876712328768,0.22580562061196174,4.050624133148405,0.007433354377532941
4,21,714,157.82382352941178,106.47999999999999,2.5252100840336134,0.5280112044817927,0.16106442577030813,0.0392156862745098,1.112044817927171,0.2221559175028995,3.99929676511955,0.007270431541860986
4,22,695,156.87254676258993,103.98,2.679136690647482,0.5381294964028777,0.1697841726618705,0.03597122302158273,1.106474820143885,0.22652210175145954,4.051449275362319,0.00707696067450054
4,23,507,154.18003944773176,107.36,2.913214990138067,0.5936883629191322,0.14398422090729784,0.045364891518737675,1.1597633136094674,0.23616666666666666,3.975149105367793,0.00516261735535507
5,0,312,140.79900641025642,100.165,2.8493589743589745,0.5384615384615384,0.14102564102564102,0.05448717948717949,1.0929487179487178,0.2227782305704358,4.063934426229508,0.00317699529560312
5,1,171,138.83988304093566,99.74,2.742690058479532,0.5380116959064327,0.16374269005847952,0.04093567251461988,1.105263157894737,0.24946428571428572,3.78698224852071,0.0017412378062440176
5,2,66,125.2489393939394,79.185,2.5303030303030303,0.48484848484848486,0.18181818181818182,0.10606060606060606,1.0909090909090908,0.26398819660415074,3.893939393939394,0.0006720566971468139
5,3,42,100.42857142857143,90.61,2.0714285714285716,0.5238095238095238,0.35714285714285715,0.0,1.1666666666666667,0.27668791148692706,4.121951219512195,0.0004276724436388815
5,4,25,208.76319999999998,108.32,2.48,0.36,0.2,0.04,1.2,0.22818568214017834,4.28,0.00025456693073742947
5,5,23,137.69608695652173,97.78,3.0,0.5217391304347826,0.17391304347826086,0.043478260869565216,1.3043478260869565,0.23632408917890158,4.043478260869565,0.00023420157627843512
5,6,52,185.38153846153847,124.155,2.519230769230769,0.4807692307692308,0.19230769230769232,0.019230769230769232,1.4038461538461537,0.19433943383219549,4.153846153846154,0.0005294992159338534
5,7,104,167.33875,101.8,2.7884615384615383,0.5288461538461539,0.14423076923076922,0.038461538461538464,1.1057692307692308,0.2538139847881137,4.097087378640777,0.0010589984318677068
5,8,248,154.54173387096773,113.245,2.625,0.5443548387096774,0.17338709677419356,0.03225806451612903,1.1209677419354838,0.2237875255550375,4.22672064777328,0.0025253039529153005
5,9,426,164.41164319248827,101.205,2.368544600938967,0.5117370892018779,0.20422535211267606,0.025821596244131457,1.1291079812206573,0.2365657976619105,4.092198581560283,0.004337820499765798
5,10,648,164.531774691358,110.47,2.5231481481481484,0.5262345679012346,0.19753086419753085,0.027777777777777776,1.1188271604938271,0.22403566394799868,4.011682242990654,0.0065983748447141725
5,11,701,149.34530670470755,105.28,2.485021398002853,0.5221112696148359,0.17403708987161198,0.03566333808844508,1.1242857142857143,0.22222283341585797,4.09325681492109,0.007138056737877522
5,12,681,180.56980910425844,117.77,2.841409691629956,0.5697503671071953,0.16593245227606462,0.023494860499265784,1.1409691629955947,0.20895660203139427,4.073333333333333,0.006934403193287579
5,13,702,159.77017094017094,107.765,2.6125356125356127,0.5313390313390314,0.1752136752136752,0.019943019943019943,1.141025641025641,0.23239290134021431,4.139367816091954,0.00714823941510702
5,14,670,188.53049253731342,112.68,3.032835820895522,0.591044776119403,0.1537313432835821,0.03134328358208955,1.1432835820895522,0.22777779465624387,4.045933734939759,0.0068223937437631105
5,15,716,171.58571229050278,103.88,2.702513966480447,0.547486033519553,0.15502793296089384,0.0223463687150838,1.111731843575419,0.23022342995169082,4.105337078651686,0.0072907968963199805
5,16,688,159.32398255813953,111.94,2.558139534883721,0.5581395348837209,0.14970930232558138,0.023255813953488372,1.1119186046511629,0.21099442202284746,4.191800878477306,0.007005681933894059
5,17,694,160.54253602305477,111.025,2.7478386167146973,0.5662824207492796,0.13688760806916425,0.03170028818443804,1.1412103746397695,0.2219873506567416,4.090510948905109,0.0070667779972710424
5,18,707,162.59724186704383,100.43,2.4611032531824613,0.5007072135785007,0.1456859971711457,0.024045261669024046,1.0975954738330975,0.2288235294117647,4.086083213773314,0.007199152801254506
5,19,746,160.14595174262735,103.46000000000001,2.715817694369973,0.5495978552278821,0.16353887399463807,0.032171581769437,1.1420911528150135,0.22978144756921737,4.097972972972973,0.007596277213204896
5,20,723,174.6263623789765,110.16,2.6929460580912865,0.5643153526970954,0.15352697095435686,0.03734439834024896,1.107883817427386,0.22148137411219018,4.110181311018131,0.00736207563692646
5,21,651,155.97015360983104,98.23,2.6344086021505375,0.5407066052227343,0.15514592933947774,0.027649769585253458,1.1228878648233487,0.243125,4.118973561430793,0.006628922876402664
5,22,543,150.1644567219153,105.08,2.679558011049724,0.576427255985267,0.14732965009208104,0.027624309392265192,1.132596685082873,0.2306151645207439,4.175650557620818,0.005529193735616968
5,23,425,140.6729882352941,101.78,2.736470588235294,0.5835294117647059,0.12941176470588237,0.04,1.1105882352941177,0.2101578684191728,4.083333333333333,0.004327637822536301
6,0,260,152.45780769230768,110.855,3.042307692307692,0.6076923076923076,0.1423076923076923,0.03076923076923077,1.15,0.20992692309880717,3.98828125,0.0026474960796692665
6,1,140,148.45742857142858,102.755,2.5785714285714287,0.5714285714285714,0.17857142857142858,0.02142857142857143,1.1071428571428572,0.23948526651651653,4.185714285714286,0.001425574812129605
6,2,68,175.9679411764706,120.56,3.0,0.5294117647058824,0.11764705882352941,0.058823529411764705,1.2941176470588236,0.2205529967377031,3.91044776119403,0.0006924220516058082
6,3,43,216.63325581395347,113.31,4.325581395348837,0.7906976744186046,0.046511627906976744,0.0,1.069767441860465,0.1812121212121212,4.395348837209302,0.0004378551208683787
6,4,27,144.98074074074074,91.23,1.962962962962963,0.5185185185185185,0.14814814814814814,0.07407407407407407,1.1851851851851851,0.17967967967967965,3.888888888888889,0.00027493228519642385
6,5,27,133.53962962962964,94.25,2.5925925925925926,0.5185185185185185,0.14814814814814814,0.0,1.2592592592592593,0.2448382126348228,3.8518518518518516,0.00027493228519642385
6,6,33,143.7118181818182,102.53,2.5454545454545454,0.42424242424242425,0.21212121212121213,0.030303030303030304,1.0606060606060606,0.25472,4.0,0.00033602834857340694
6,7,105,170.04666666666668,92.84,3.219047619047619,0.6095238095238096,0.12380952380952381,0.009523809523809525,1.1047619047619048,0.21457142857142855,4.085714285714285,0.001069181109097204
6,8,203,172.183842364532,100.65,2.7192118226600983,0.5714285714285714,0.15763546798029557,0.024630541871921183,1.1280788177339902,0.23623529411764704,4.2772277227722775,0.0020670834775879275
6,9,343,182.18355685131195,116.36,2.7026239067055395,0.5539358600583091,0.15451895043731778,0.008746355685131196,1.096209912536443,0.20666666666666667,4.12719298245614,0.0034926582897175326
6,10,524,147.615286259542,107.53999999999999,2.5209923664122136,0.5400763358778626,0.16412213740458015,0.02480916030534351,1.1526717557251909,0.23013108490876755,4.061302681992337,0.005335722868256522
6,11,715,142.96948251748253,102.72,2.476923076923077,0.5188811188811189,0.17062937062937064,0.03076923076923077,1.1006993006993007,0.23300841233809585,4.115007012622721,0.007280614219090483
6,12,669,161.01061285500748,105.29,2.5739910313901344,0.5411061285500748,0.15396113602391628,0.02092675635276532,1.133034379671151,0.22104499274310593,4.072822822822823,0.006812211066533613
6,13,714,149.62280112044817,103.945,2.4971988795518207,0.5448179271708683,0.16246498599439776,0.025210084033613446,1.1260504201680672,0.23124123733902352,4.193229901269394,0.007270431541860986
6,14,676,166.8435798816568,105.21000000000001,2.671597633136095,0.5576923076923077,0.16420118343195267,0.022189349112426034,1.136094674556213,0.2368082718171706,4.063703703703704,0.006883489807140093
6,15,707,164.27309759547384,107.39,2.69024045261669,0.5304101838755304,0.173974540311174,0.019801980198019802,1.125884016973126,0.23147353361945636,4.125177809388336,0.007199152801254506
6,16,706,147.78246458923513,101.495,2.528328611898017,0.546742209631728,0.14730878186968838,0.019830028328611898,1.1288951841359773,0.2210232045992898,4.086305278174037,0.007188970124025008
6,17,792,154.536148989899,107.515,2.486111111111111,0.5606060606060606,0.15151515151515152,0.022727272727272728,1.1338383838383839,0.22158734919372314,4.0662420382165605,0.008064680365761766
6,18,888,155.09457207207208,105.94999999999999,2.6137387387387387,0.5382882882882883,0.15653153153153154,0.02702702702702703,1.1441441441441442,0.22758906952611552,4.082957110609481,0.009042217379793495
6,19,892,161.51720852017937,105.805,2.5437219730941703,0.5426008968609866,0.15695067264573992,0.033632286995515695,1.1311659192825112,0.2154597399083647,4.1289592760181,0.009082948088711485
6,20,956,159.97398535564855,102.785,2.4497907949790796,0.5324267782426778,0.14225941422594143,0.032426778242677826,1.1171548117154813,0.2299728241849538,4.200526315789474,0.009734639431399303
6,21,876,156.9735502283105,108.36500000000001,2.6187214611872145,0.5445205479452054,0.1506849315068493,0.028538812785388126,1.1050228310502284,0.21628932612923518,4.162452107279694,0.008920025253039528
6,22,864,149.79962962962964,105.18,2.5474537037037037,0.5347222222222222,0.17939814814814814,0.032407407407407406,1.1331018518518519,0.23280167459628193,4.219883040935673,0.008797833126285563
6,23,603,139.65230514096186,94.4,2.4809286898839136,0.5439469320066335,0.1625207296849088,0.024875621890547265,1.1376451077943615,0.23739724670694265,4.125,0.006140154369386799
