cell,weekday,hour,orders_per_week,mean_order_value,revenue_per_week,p_top_quarter,aov_lo,aov_hi,status,periods_in_top_quarter,odd_weeks_top,even_weeks_top
38,Tue,14,12.021739130434783,165.55643761301985,1990.2763043478255,0.997,151.09881012890528,181.61904508903467,golden,4,True,True
14,Mon,14,11.76086956521739,167.408438077634,1968.868804347826,0.998,154.47183662634444,182.42741169489918,golden,4,True,True
21,Mon,21,11.98913043478261,161.30728014505894,1933.9340217391307,0.984,148.94827464342458,175.2077340722808,golden,4,True,True
112,Fri,16,10.434782608695652,184.33361458333326,1923.4811956521733,0.987,169.79529975728155,201.17469420376904,golden,4,True,True
62,Wed,14,11.293478260869565,169.94065447545722,1919.2210869565224,0.99,156.71892446524436,183.33732307715601,golden,4,True,True
64,Wed,16,11.130434782608695,170.252568359375,1894.9851086956521,0.971,156.26994128271082,186.40501701135,golden,4,True,True
16,Mon,16,11.695652173913043,161.64640334572493,1890.5601086956524,0.983,151.36836490198905,172.2644807370868,golden,4,True,True
15,Mon,15,11.576086956521738,163.2389671361502,1889.6684782608693,0.986,150.8731634663444,177.23665318817393,golden,3,True,True
40,Tue,16,11.673913043478262,160.48901303538184,1873.5347826086968,0.985,149.5995990774518,171.38735014223576,golden,4,True,True
88,Thu,16,11.58695652173913,160.93877110694189,1864.7905434782613,0.883,148.6862476028736,174.54291380294273,candidate,2,True,False
11,Mon,11,11.608695652173912,159.4024625468165,1850.454673913044,0.88,143.8250154660813,174.12004051828143,candidate,2,True,True
22,Mon,22,10.673913043478262,172.55255600814667,1841.8109782608697,0.888,154.51932118146811,191.61460569087518,candidate,3,True,True
111,Fri,15,10.532608695652174,173.2449432404541,1824.721195652174,0.761,149.84398354545232,206.33922775496472,candidate,2,False,True
58,Wed,10,11.184782608695652,161.64586005830907,1807.9738043478264,0.842,148.20097015981867,175.00948924069093,candidate,2,True,True
20,Mon,20,11.043478260869565,162.84015748031499,1798.3217391304352,0.821,149.8229933073038,175.5426030917975,candidate,2,True,True
59,Wed,11,11.369565217391305,157.87063097514343,1794.920434782609,0.849,146.387914375917,169.84080146340062,candidate,3,True,True
37,Tue,13,11.26086956521739,159.2157335907336,1792.9076086956525,0.868,148.27239969187673,171.92999279132533,candidate,2,True,False
44,Tue,20,10.543478260869565,168.86116494845353,1780.3840217391296,0.783,151.1915896709967,187.18942709019302,candidate,2,True,True
45,Tue,21,11.054347826086957,160.885732546706,1778.4868478260871,0.852,148.08985234214182,176.04222839571094,candidate,4,True,True
110,Fri,14,10.326086956521738,171.6533052631579,1772.5069565217393,0.734,155.66896855852548,188.3507773292001,candidate,4,True,False
35,Tue,11,11.304347826086957,156.22867307692306,1766.063260869565,0.814,146.2531909483241,168.83488834670348,candidate,3,True,True
10,Mon,10,11.08695652173913,159.2239313725491,1765.3088043478267,0.76,145.36167171560237,173.5396627415459,candidate,3,True,False
84,Thu,12,10.456521739130435,167.47073804573805,1751.1614130434784,0.57,153.37704769216612,183.35956043357666,candidate,2,False,True
107,Fri,11,10.684782608695652,162.87428280773148,1740.2763043478265,0.585,148.19001398806978,178.63430691713396,candidate,2,True,True
109,Fri,13,10.75,161.4722042467139,1735.8261956521744,0.62,148.2174988191677,174.914587616753,candidate,2,False,True
39,Tue,15,11.152173913043478,155.5494444444444,1734.7144565217386,0.738,145.59835668945317,166.36270339562418,candidate,2,True,False
13,Mon,13,11.01086956521739,156.75996051332666,1726.0634782608686,0.653,145.10826515021316,168.92762921650714,candidate,2,True,True
63,Wed,15,10.554347826086957,162.7966014418125,1718.2119565217386,0.622,148.65450208702467,179.74174545678991,candidate,2,True,False
61,Wed,13,10.967391304347826,156.60470763131812,1717.545108695652,0.579,144.5714976599621,169.53026088698854,candidate,2,True,False
12,Mon,12,10.445652173913043,164.34324661810612,1716.6723913043477,0.573,151.8693502251605,177.07353657472285,candidate,2,True,False
41,Tue,17,10.391304347826088,164.3515376569037,1707.8268478260864,0.529,148.17697453654486,181.5372299317943,candidate,3,False,True
19,Mon,19,10.141304347826088,168.35669882100743,1707.3565217391297,0.546,154.90019945588006,182.4828281623628,candidate,3,False,True
65,Wed,17,10.41304347826087,163.7454488517745,1705.0884782608694,0.533,149.40862209010461,179.68277261163075,candidate,2,False,True
34,Tue,10,10.326086956521738,164.69143157894737,1700.6180434782611,0.541,151.85740624916716,180.32339027119798,candidate,2,True,False
66,Wed,18,9.097826086956522,186.46545997610514,1696.4303260869565,0.479,161.37702124474208,216.03414953846445,other,2,True,False
46,Tue,22,10.380434782608695,163.00064921465966,1692.017608695652,0.506,150.37691356594212,176.07781552665958,candidate,1,False,True
164,Sun,20,10.391304347826088,159.97398535564855,1662.3383695652174,0.389,143.64664432397961,181.6767324799482,other,2,True,False
17,Mon,17,10.58695652173913,156.6323716632443,1658.2601086956515,0.346,147.35029571797114,167.9858565770603,other,1,False,False
106,Fri,10,10.23913043478261,161.08814225053078,1649.4025,0.352,146.47425642598066,178.48805810427046,other,3,False,True
86,Thu,14,10.521739130434783,156.0551033057851,1641.9710869565217,0.294,142.2266648389306,172.47503679561416,other,1,False,True
87,Thu,15,9.956521739130435,164.43611353711793,1637.2117391304353,0.284,151.7920177021002,177.79579782555746,other,2,False,True
83,Thu,11,10.271739130434783,158.59769312169314,1629.0741304347828,0.235,148.0028877116803,171.47921537363666,other,2,False,True
82,Thu,10,10.543478260869565,154.24532989690718,1626.2822826086954,0.278,141.24453797167627,167.4850790962861,other,1,False,False
85,Thu,13,10.521739130434783,151.761652892562,1596.7965217391306,0.213,136.72709084296403,168.6740624092111,other,1,False,False
89,Thu,17,9.706521739130435,162.17858902575588,1574.19,0.118,149.34191762314535,174.92297807064173,other,0,False,False
163,Sun,19,9.695652173913043,161.51720852017937,1566.0146739130435,0.072,146.56320179477248,178.60164111681107,other,1,False,False
33,Tue,9,9.271739130434783,168.73123094958973,1564.4319565217397,0.124,154.83711048681974,182.34228852856904,other,0,False,False
43,Tue,19,9.880434782608695,158.27895489548956,1563.8648913043478,0.051,146.15250297399695,172.3806528534286,other,0,False,True
60,Wed,12,9.91304347826087,157.65308114035082,1562.8218478260865,0.045,146.36608460351673,168.96167174372377,other,0,False,False
36,Tue,12,9.66304347826087,161.38196850393697,1559.4409782608693,0.075,147.92936738176465,176.192336448697,other,1,False,False
18,Mon,18,9.945652173913043,156.76455737704921,1559.1257608695655,0.079,144.51628138879636,169.1375479297476,other,1,False,False
69,Wed,21,10.358695652173912,149.00633788037783,1543.5113043478268,0.043,138.92263423029962,159.53163042887505,other,1,False,False
57,Wed,9,8.880434782608695,172.56982864137092,1532.4951086956528,0.044,157.01354411256156,189.27468122893436,other,1,False,False
42,Tue,18,9.434782608695652,161.61236175115206,1524.7775,0.045,146.18866397784512,181.4498108154005,other,1,True,False
94,Thu,22,9.23913043478261,162.82891764705877,1504.3976086956518,0.047,148.95613621436755,179.89171793825088,other,0,False,False
162,Sun,18,9.652173913043478,155.09457207207205,1496.9997826086953,0.028,141.44174847077244,170.29390792877567,other,0,False,False
165,Sun,21,9.521739130434783,156.97355022831053,1494.661195652174,0.011,144.97683531410732,169.7503605472921,other,0,False,False
91,Thu,19,8.847826086956522,167.84275184275185,1485.0434782608695,0.021,151.90056020950044,186.66394665315343,other,0,False,False
108,Fri,12,9.16304347826087,160.2673784104389,1468.536956521739,0.043,145.22001227917696,177.8376592868938,other,1,False,False
92,Thu,20,9.01086956521739,162.39072376357058,1463.2816304347828,0.0,150.43352982545073,173.92490551034646,other,0,False,False
68,Wed,20,9.695652173913043,149.81450672645738,1452.5493478260867,0.001,140.35522258433966,159.51421103688256,other,0,False,False
93,Thu,21,9.043478260869565,160.0222475961539,1447.1577173913047,0.013,142.8621484426254,179.40928232750642,other,1,False,False
90,Thu,18,8.434782608695652,170.73884020618564,1440.1450000000007,0.003,153.82148506025052,188.81963547342332,other,0,False,False
70,Wed,22,9.478260869565217,149.86707568807338,1420.4792391304345,0.0,140.51789957719473,159.83255838029706,other,0,False,False
166,Sun,22,9.391304347826088,149.7996296296296,1406.8139130434781,0.0,137.5265462014074,161.71260167395124,other,0,False,False
9,Mon,9,8.315217391304348,168.41818300653594,1400.433804347826,0.009,152.79318969319795,183.67131422949458,other,0,False,False
67,Wed,19,9.054347826086957,154.0713805522209,1395.0158695652174,0.0,143.65499510027732,163.94877431477423,other,1,False,False
140,Sat,20,7.858695652173913,174.62636237897647,1372.3354347826084,0.0,157.35129265381508,194.58525242547802,other,0,False,False
113,Fri,17,8.771739130434783,156.38236679058244,1371.7453260869568,0.0,144.65938898780826,168.6520285823796,other,0,False,False
115,Fri,19,8.391304347826088,161.39756476683937,1354.3360869565215,0.033,145.45482843686216,177.9886910932672,other,1,False,False
114,Fri,18,7.782608695652174,173.0887988826816,1347.0823913043482,0.0,160.06711234309626,187.94451329180063,other,0,False,False
132,Sat,12,7.4021739130434785,180.56980910425844,1336.6091304347826,0.001,162.76929869141813,202.6836531559854,other,0,False,False
135,Sat,15,7.782608695652174,171.58571229050278,1335.3844565217391,0.013,147.70248278522428,204.40204100203945,other,1,False,False
105,Fri,9,8.23913043478261,161.6671503957784,1331.9967391304351,0.0,146.07895491293533,179.87873942303025,other,0,False,False
161,Sun,17,8.608695652173912,154.536148989899,1330.3546739130436,0.0,142.64969199629763,167.78424213837195,other,0,False,False
139,Sat,19,8.108695652173912,160.14595174262737,1298.5747826086958,0.0,145.50104353088358,175.250962077597,other,0,False,False
81,Thu,9,8.152173913043478,156.24448000000007,1273.732173913044,0.0,141.3039541599651,172.89401874864456,other,0,False,False
23,Mon,23,7.695652173913044,164.1122457627119,1262.9507608695656,0.0,150.64855941020025,179.6114884693143,other,0,False,False
159,Sun,15,7.684782608695652,164.27309759547384,1262.403043478261,0.0,149.46223883137142,179.0810612369411,other,0,False,False
138,Sat,18,7.684782608695652,162.59724186704383,1249.524456521739,0.0,142.86227057225258,184.0920832290845,other,0,False,False
158,Sun,14,7.3478260869565215,166.84357988165686,1225.9376086956527,0.0,142.82957508424192,189.85252745956873,other,1,False,False
117,Fri,21,7.760869565217392,157.82382352941173,1224.8501086956517,0.0,141.05420244906023,178.57820131024016,other,0,False,False
133,Sat,13,7.630434782608695,159.77017094017094,1219.1158695652175,0.0,147.95454609718877,174.11270613676228,other,0,False,False
116,Fri,20,7.934782608695652,152.8400410958904,1212.7524999999998,0.0,138.89575431537196,167.8885392280788,other,0,False,False
137,Sat,17,7.543478260869565,160.54253602305477,1211.0491304347827,0.0,147.19475953924447,175.40829439116536,other,0,False,False
136,Sat,16,7.478260869565218,159.32398255813953,1191.466304347826,0.0,144.962396834709,174.8497619101473,other,0,False,False
118,Fri,22,7.554347826086956,156.87254676258988,1185.0697826086953,0.0,146.42024498623084,169.2857946577365,other,1,False,False
156,Sun,12,7.271739130434782,161.01061285500754,1170.827173913044,0.0,147.46744770233192,178.0114626228841,other,0,False,False
157,Sun,13,7.760869565217392,149.6228011204482,1161.203043478261,0.0,137.24789956988155,163.66390327169276,other,0,False,False
130,Sat,10,7.043478260869565,164.53177469135812,1158.8759782608702,0.0,149.1464597086757,180.05767911498432,other,0,False,False
47,Tue,23,7.445652173913044,153.55335766423363,1143.304891304348,0.0,141.67023072191134,167.61985072618094,other,0,False,False
131,Sat,11,7.619565217391305,149.34530670470755,1137.946304347826,0.0,137.34591833803185,162.48582201926126,other,0,False,False
160,Sun,16,7.673913043478261,147.78246458923516,1134.069782608696,0.0,137.6942102572327,157.80095951107714,other,0,False,False
155,Sun,11,7.771739130434782,142.96948251748248,1111.1215217391302,0.0,129.61118856501076,158.68686567490533,other,0,False,False
141,Sat,21,7.076086956521739,155.97015360983096,1103.658369565217,0.0,141.4029151483093,172.2759604341737,other,0,False,False
71,Wed,23,6.6521739130434785,138.57400326797384,921.8183695652173,0.0,127.14535271023301,150.95976443123936,other,0,False,False
167,Sun,23,6.554347826086956,139.6523051409619,915.3297826086957,0.0,128.53464146606618,151.62014731493232,other,0,False,False
95,Thu,23,5.880434782608695,153.5941774491682,903.2005434782608,0.0,139.49413426875827,167.97787733925108,other,0,False,False
142,Sat,22,5.9021739130434785,150.16445672191531,886.296739130435,0.0,135.24282643324673,167.26736056885213,other,0,False,False
56,Wed,8,5.521739130434782,159.28976377952762,879.5565217391307,0.0,144.56349442538593,174.97775646459226,other,0,False,False
80,Thu,8,5.4021739130434785,160.8377464788732,868.8734782608694,0.0,143.07841672511424,182.69481926656826,other,0,False,False
119,Fri,23,5.510869565217392,154.1800394477318,849.6660869565219,0.0,139.65785182207014,169.7684238124195,other,0,False,False
154,Sun,10,5.695652173913044,147.61528625954202,840.7653260869567,0.0,136.43920111874817,158.9793100849548,other,0,False,False
104,Fri,8,5.358695652173913,154.0078093306288,825.2809782608695,0.0,141.03465591024943,168.66483625597067,other,0,False,False
8,Mon,8,5.163043478260869,157.5301052631579,813.3347826086957,0.0,140.37045470051157,177.31889240679823,other,0,False,False
32,Tue,8,5.5978260869565215,141.65114563106798,792.9384782608697,0.0,128.4162908906429,158.37707585282152,other,0,False,False
129,Sat,9,4.630434782608695,164.4116431924883,761.297391304348,0.0,145.3136267592209,184.83879521173898,other,0,False,False
96,Fri,0,4.543478260869565,155.98767942583734,708.7266304347827,0.0,137.48454659132372,175.56862596121604,other,0,False,False
48,Wed,0,4.260869565217392,165.8573214285714,706.6964130434781,0.0,143.42177041245793,190.57864868194136,other,0,False,False
143,Sat,23,4.619565217391305,140.67298823529416,649.848043478261,0.0,128.56761687694635,155.4102388823825,other,0,False,False
72,Thu,0,3.847826086956522,162.9530508474576,627.0149999999999,0.0,138.9435387233402,191.60611129568105,other,0,False,False
0,Mon,0,3.5,149.1611180124224,522.0639130434784,0.0,127.01602514064697,172.0581895232946,other,0,False,False
24,Tue,0,3.3043478260869565,156.96911184210524,518.6805434782608,0.0,136.4031306388188,180.6465778787125,other,0,False,False
120,Sat,0,3.391304347826087,140.79900641025642,477.4922826086957,0.0,127.39066958868987,155.63761594823487,other,0,False,False
144,Sun,0,2.8260869565217392,152.45780769230765,430.85902173913036,0.0,131.02231085907334,173.35618357683978,other,0,False,False
128,Sat,8,2.6956521739130435,154.54173387096776,416.59076086956526,0.0,135.81398895642752,175.82511437246964,other,0,False,False
79,Thu,7,2.358695652173913,152.6363594470046,360.0227173913043,0.0,130.08900707291843,177.8068823218029,other,0,False,False
55,Wed,7,2.282608695652174,151.63676190476195,346.1273913043479,0.0,129.60513685755075,176.73719531249995,other,0,False,False
49,Wed,1,1.9021739130434783,146.8701714285714,279.3726086956521,0.0,119.9784536001557,177.97159050604566,other,0,False,False
25,Tue,1,1.7065217391304348,152.6059872611465,260.4254347826087,0.0,128.76672566579145,180.41714319611208,other,0,False,False
121,Sat,1,1.858695652173913,138.8398830409357,258.06108695652176,0.0,119.17817582070705,165.2172040254237,other,0,False,False
145,Sun,1,1.5217391304347827,148.45742857142852,225.91347826086948,0.0,120.9664370957168,181.04629660729432,other,0,False,False
