k,silhouette_mean,silhouette_lo,silhouette_hi,ari_mean,ari_lo,ari_hi,balance_mean,balance_lo,balance_hi
2,0.5147195927289576,0.47992235986885334,0.5552045412330902,0.7953966642667816,0.674670711518158,0.9180842134857149,0.6393272656061443,0.587183433674282,0.7005961751643471
3,0.5384890874686433,0.49664773986502786,0.5720964184860163,0.8068226810436643,0.7010254174557402,0.9010311927927761,0.6588597773797197,0.5916514934362979,0.7112744580653672
4,0.5201429131004522,0.46297847788572893,0.564306389711093,0.8292175778165803,0.7492347502569452,0.8882701277871599,0.6563294353223157,0.6031057581420755,0.6955330439807066
5,0.4424105228888196,0.28055183556383023,0.5547643793717317,0.7130276741477553,0.3752298737921726,0.903538246643053,0.5611194744192484,0.3353555187851966,0.700769797444366
6,0.35341117134243194,0.2684723134239353,0.5202872163348817,0.4148436972785578,0.2599704776297855,0.6377709339682177,0.37794228561504295,0.26852990019550904,0.4654099686714174
7,0.3187844840248521,0.26899026922154307,0.46017945425984796,0.45281551109148227,0.26560614359172097,0.677263255616274,0.37598911842979954,0.27813496030409496,0.473247823786371
8,0.30780156231125944,0.26155760505841275,0.37827037323028334,0.42941008528945523,0.2954598022381937,0.6387432955731123,0.36149545214907186,0.28105132485487166,0.4583598757599241
9,0.30231245793133316,0.26220734776919,0.3460993611637801,0.4304217409822393,0.3033669766862002,0.5786811620262312,0.3595146166226777,0.2897110568120614,0.43571620390828897
10,0.2979126660183636,0.25945261467148434,0.34395329266963354,0.41785336392488553,0.3139371973673582,0.5858163121252057,0.351482194648284,0.28977485209330167,0.421378320397235
11,0.29914499615146645,0.2592691568268119,0.3363290677004818,0.41617433047455454,0.3069355074786422,0.5606770596440689,0.35183414986176054,0.2967579421083345,0.4163234193201055
12,0.29623626495741673,0.2652563973704143,0.3352039975421547,0.4127367909623631,0.2978798507960141,0.5847386136743437,0.3482025830983939,0.28982056969751274,0.4346074764617412
13,0.29754434442406136,0.26667465147380015,0.324369697639086,0.4019107612846171,0.2845130968302724,0.556074932781834,0.3444748328016876,0.2814495474623318,0.41567907739333787
14,0.2953194173429858,0.2592427775527486,0.3239014494732904,0.32727379814010954,0.25965461911347754,0.41178515236532826,0.3101476633456415,0.2682902397779081,0.35472296757686894
15,0.2929054197882202,0.25456311230619155,0.32459642992922455,0.3568586187920465,0.27871007533315884,0.4757073501155383,0.32250531842983254,0.27333378312070855,0.3746463530007515
