boot,k,silhouette,ari,balance
0,2,0.4924485271992937,0.8178947265116648,0.6346424611344079
0,3,0.5290705660730132,0.8636948339540117,0.675984847991718
0,4,0.5207850049066559,0.8409422826972267,0.6617780072053541
0,5,0.3409624241307184,0.522880240120205,0.42223514088886205
0,6,0.4878567089619518,0.4070292290834258,0.44561411574585524
0,7,0.3075607909384851,0.4553902191881602,0.37424614359958425
0,8,0.30787409726714926,0.46191850617061225,0.3771110487618566
0,9,0.3378087138932568,0.5774557395391944,0.44166682092275705
0,10,0.30847461527797304,0.4740481120181283,0.38240267909370296
0,11,0.3377161868230065,0.48669973717410886,0.405421236945229
0,12,0.30684389657100264,0.46791992247935116,0.3789173686923913
0,13,0.2812319591724777,0.4064114374500322,0.3380767439268419
0,14,0.30184286235608626,0.30377120416914494,0.30280549824560615
0,15,0.27872527106733064,0.4499362159200726,0.354130757976953
1,2,0.49597019022428074,0.7537415841231039,0.6114191335389223
1,3,0.5412140273517981,0.8356288362946399,0.6724983627209203
1,4,0.5548855894676185,0.7901001703309498,0.662129291568161
1,5,0.5322716140148568,0.8552144211375259,0.6746898252290844
1,6,0.5159519059113236,0.39264192075945964,0.45009370952783384
1,7,0.31133455622532225,0.4888044964941647,0.3901047692568662
1,8,0.29739864403886573,0.43543131350392733,0.3598564744563174
1,9,0.27750679535061584,0.36824800504942856,0.3196737771158659
1,10,0.28762843583779485,0.4081402712459376,0.34262625092202487
1,11,0.295092611829651,0.5932847387520795,0.4184183828622057
1,12,0.3166640966797192,0.46155825717934,0.38230737447080615
1,13,0.3199243954531494,0.4539367590208658,0.381084561749374
1,14,0.31931471433221637,0.31778134602535807,0.3185471075464262
1,15,0.29815282787975705,0.3809580873600647,0.33702185544867386
2,2,0.48909020709642614,0.7108611960842022,0.5896399321701641
2,3,0.5174279116008945,0.7670551238887903,0.6299966117659223
2,4,0.5167672717256502,0.873064103333416,0.6716926043371406
2,5,0.5018446947447369,0.8029538432337342,0.6347898284879387
2,6,0.34573389341701344,0.3819395128537823,0.3633860685672135
2,7,0.3288325690572358,0.5206156607854292,0.4137576406877619
2,8,0.3514767137422075,0.519824399158145,0.4274414246877838
2,9,0.3200792030127934,0.42799171577528844,0.370123286597091
2,10,0.2998987473829195,0.5896105583986871,0.42050382626976174
2,11,0.3163441541566125,0.5703301967962437,0.42475948923535783
2,12,0.3144257007058959,0.6277888510255256,0.4442892631822765
2,13,0.2842489482097659,0.520489626838829,0.38464090913868054
2,14,0.3120185378941483,0.46509449866072267,0.38094370378670206
2,15,0.3011583383292188,0.4184966973559794,0.3550123518583441
3,2,0.5055989290874631,0.7295537682655692,0.6073397763581725
3,3,0.557833202074676,0.8396472499361887,0.6843852088152548
3,4,0.5556598232868384,0.7939675664043493,0.6642107178025072
3,5,0.5503523797422252,0.8662433095038392,0.6904629366021169
3,6,0.4888817464927188,0.39563185909712156,0.43979221712481686
3,7,0.43768216854305647,0.4396795661346867,0.4386797305209119
3,8,0.3213725143297593,0.4419584464270577,0.3768730517794258
3,9,0.3248629554924762,0.49754108686324167,0.40203565508214756
3,10,0.3575448132255029,0.4947212769789287,0.4205770162242741
3,11,0.35398914302016166,0.4842028977862848,0.41400793329988966
3,12,0.3044058500762309,0.37119892320923886,0.33614747324186434
3,13,0.3614163073357993,0.5264207118929586,0.43618462810768077
3,14,0.2958009778816691,0.3430316431589509,0.31854214083975363
3,15,0.2980727829316125,0.34109786165351924,0.31886045360797977
4,2,0.5187043804007805,0.7943242470712422,0.6418874250321509
4,3,0.5569767316931694,0.8432237100068728,0.6853145161791168
4,4,0.5339777757371003,0.7820331669357168,0.646210748156493
4,5,0.49672544844664546,0.810511144314283,0.6345088743512702
4,6,0.32438905101781246,0.5360161879262093,0.41698654958112075
4,7,0.30297292950279126,0.5800301230117745,0.4192057079391235
4,8,0.3085553278141833,0.5350494546109797,0.40631559146098595
4,9,0.3053335137252976,0.47716152739617396,0.3816980557645056
4,10,0.31540876506754095,0.5092275984912066,0.40076782303276426
4,11,0.3283956430322365,0.45119708025990773,0.3849300654745223
4,12,0.2945603816010931,0.45864957376414095,0.36755951010570254
4,13,0.2802941196300926,0.2875620770212409,0.28390484183555165
4,14,0.2847623411827275,0.3232056621908951,0.3033756764293951
4,15,0.28991912373584067,0.34330019092220115,0.3154826311075007
5,2,0.5107993986231806,0.7759070309137402,0.629549715890839
5,3,0.5108528324262942,0.7311553679410251,0.6111569280114248
5,4,0.31087771421007415,0.5293386752065147,0.4056594598813026
5,5,0.32083842826118303,0.5870635887977518,0.4339960358335548
5,6,0.29999426773434057,0.2761543333753896,0.28782758210882947
5,7,0.31150716567504005,0.3795494912225416,0.34384936562997676
5,8,0.27188025660088494,0.262372575249549,0.26708411237638674
5,9,0.27615420502997834,0.33326503354967507,0.303368654287485
5,10,0.26972913156776346,0.406574531462672,0.33115705532118267
5,11,0.2964701700424905,0.3849786273463184,0.3378382440045644
5,12,0.2663404003962502,0.2745103079533186,0.2703944994506819
5,13,0.29480543939134873,0.3132983759949128,0.3039112788229095
5,14,0.31815438676519503,0.37396792024718284,0.34493410143982256
5,15,0.2955333880828945,0.36651916019972325,0.3291179867632904
6,2,0.5044671644723366,0.8667695236587629,0.6612539329570555
6,3,0.5360614933225011,0.8693672504938222,0.6826670539475266
6,4,0.4827806984443235,0.8141777314977342,0.6269523856484566
6,5,0.4641195432072975,0.7799441631528483,0.6016538279855767
6,6,0.46850722442525256,0.3951559575501392,0.4302713340287947
6,7,0.28709823720815825,0.2635861860320537,0.2750911291958072
6,8,0.2876888279380294,0.2971890353855385,0.2924003510020108
6,9,0.2988835104572655,0.45399562889262274,0.3683636888941159
6,10,0.2967579153380993,0.37895912343677585,0.33534924999088794
6,11,0.2992853379873046,0.3972128706412108,0.3447897739822953
6,12,0.3098322088789364,0.35579262335169515,0.3320180934766766
6,13,0.29915483796850995,0.37366281497981346,0.3343397057935886
6,14,0.2957331182221366,0.26716264862419997,0.2810851172689861
6,15,0.25765978458506733,0.3530397996665647,0.3016026504061965
7,2,0.5081155554577331,0.7919828339127537,0.6343648773116056
7,3,0.545030440326317,0.8346794583933806,0.6744818105327052
7,4,0.5264798261707363,0.8101060548671939,0.6530731160799235
7,5,0.5234042463721131,0.8735893421694655,0.676195512612232
7,6,0.30151210991579913,0.37592704032687496,0.33666980129402424
7,7,0.30714726853151453,0.6748139007610322,0.45526612699150765
7,8,0.3087373585935333,0.3759874509147189,0.3407071652603245
7,9,0.27138947206749303,0.4518753918889456,0.35019169613946083
7,10,0.28757775176237665,0.5125826544006048,0.38393667100827605
7,11,0.3135799665880457,0.4521395138533784,0.3765393653355219
7,12,0.31004659532968565,0.42923586138691583,0.36480558852136313
7,13,0.2920220936817512,0.46323855274442216,0.367798711317115
7,14,0.29349028674164207,0.3533701648374717,0.3220414740434699
7,15,0.30726222572771283,0.41156802925164265,0.3556111762954423
8,2,0.5023711336843318,0.7713077792230961,0.62248113502969
8,3,0.5171718251464116,0.7121223584562778,0.6068687006679454
8,4,0.522654396679945,0.8216186261771569,0.6553034315228535
8,5,0.294143337755147,0.4384730389502488,0.35912939616866335
8,6,0.28609925425619703,0.2664334954037264,0.27609133333713687
8,7,0.30208576565193035,0.3520092515636952,0.3260935207500784
8,8,0.3073542997161608,0.4081534212196048,0.35418598074416613
8,9,0.29846233264424804,0.5314148172427868,0.39825532759273785
8,10,0.2835087891721688,0.3771727405406315,0.3270042614086597
8,11,0.2622647079991933,0.297831629851336,0.2794829609043894
8,12,0.2914727348104781,0.3650633669294482,0.32619935306196934
8,13,0.2888369699807813,0.3322107251046685,0.30976561983917894
8,14,0.27246180148325105,0.29604586338511185,0.2840091358734293
8,15,0.2916343409200713,0.3032040273684788,0.2973629208323014
9,2,0.5290317624506576,0.7368632688963999,0.6243589302872309
9,3,0.517435931522546,0.7379370566115997,0.6179281093240773
9,4,0.5363454427135101,0.8398043741379624,0.6711372801743081
9,5,0.560343727540282,0.6920324755575509,0.6227166746866886
9,6,0.4372758436560904,0.4137588525473434,0.4253548534080874
9,7,0.28211729905002336,0.29070103775102324,0.286377009554464
9,8,0.2762613732117086,0.30222879366372135,0.28895352837724236
9,9,0.3001548729155415,0.4782865323151328,0.37889316874847945
9,10,0.3050180784351684,0.38444859611362314,0.3424379827701295
9,11,0.30665373415599473,0.4308641407494414,0.3634915372807602
9,12,0.3126978803261606,0.46566330854469423,0.3815913121752024
9,13,0.30653789870569487,0.41099655686512515,0.35494509563693244
9,14,0.305083844922308,0.3295505141830936,0.3170812797424373
9,15,0.3109452887325092,0.40046091533392164,0.3528759483793011
10,2,0.4907479068272261,0.8697525087818472,0.65332168427385
10,3,0.5472125466592431,0.8406844134935789,0.678257369178215
10,4,0.5581162320836613,0.8577040387389193,0.6918804422325466
10,5,0.5536435014734389,0.8652313489775113,0.6921197249266172
10,6,0.34530837115451307,0.6292462650553399,0.4661373218712705
10,7,0.35487913301301216,0.6340919782515421,0.4743690667533171
10,8,0.3787603985628077,0.5690449801546302,0.4642539213442712
10,9,0.3809101896949977,0.5795342705612977,0.46984094003636595
10,10,0.3544443702060167,0.5868209420364775,0.45606510415051565
10,11,0.3223267982920376,0.37994440677693,0.34995180263198444
10,12,0.3387981008429167,0.5564408176221038,0.43419015677678435
10,13,0.3153520182089917,0.3940960393555384,0.35253224161619495
10,14,0.29906885548060624,0.3915937972172258,0.34221851023441197
10,15,0.30317248791723966,0.4292102996146784,0.3607280892499029
11,2,0.5241487130853971,0.8134967850472741,0.6529879730757961
11,3,0.5090270363446743,0.8427910664238836,0.6549835408615372
11,4,0.48588489257938844,0.8697060504635115,0.6500592518417898
11,5,0.44836003188288653,0.7963677524859022,0.597544534654181
11,6,0.3040133544719922,0.48569383005266464,0.3842621637901138
11,7,0.3012869953824981,0.34001510399318613,0.32006581989768085
11,8,0.2952927103111347,0.35248499349275936,0.32262400572877337
11,9,0.3047174526934874,0.37394127064640487,0.33755952282277335
11,10,0.302495303267599,0.3570166436268276,0.32862723241611846
11,11,0.3106947880471254,0.3690397487051536,0.33861294497539834
11,12,0.31074829974570034,0.41364590541956403,0.35852442288622444
11,13,0.2921044484765072,0.3652952332172228,0.32665633719555165
11,14,0.29804522840919334,0.3130159774004108,0.30543889483828407
11,15,0.30908229749297245,0.3474080947157767,0.32768535530659354
12,2,0.5479322842331735,0.7296350383341015,0.6322899597581503
12,3,0.5546051916895569,0.7916595534567574,0.6626148944883098
12,4,0.5104350382230779,0.799209383205327,0.6387053092504035
12,5,0.4855805229551175,0.7704371083557608,0.6116447122140588
12,6,0.2910645979844963,0.2899137728001542,0.2904886154916324
12,7,0.279915644185598,0.33879076801217656,0.3079494050526188
12,8,0.2616198160140301,0.29366551443104855,0.2771799376851009
12,9,0.2937040132616304,0.3764446929760311,0.3325106270453662
12,10,0.28010256411514284,0.37717639656479574,0.32503549929432207
12,11,0.28258030585423455,0.33144607310313373,0.30603942999500655
12,12,0.28934927342666616,0.3445079563156912,0.31572634804471245
12,13,0.2778907880041799,0.31496018663448044,0.2958454570443821
12,14,0.30007145356061066,0.32647518462037783,0.3129950210474689
12,15,0.2832333666127338,0.34574183882870985,0.3129307031761708
13,2,0.5317123912569494,0.8157659548017495,0.6585991698549633
13,3,0.4970155907462173,0.7207212288235169,0.5985062132568549
13,4,0.47566143553456236,0.8318439474969169,0.6290278898483919
13,5,0.2777508630299352,0.4319092576729525,0.3463569965646446
13,6,0.28949416425626834,0.31559239921924026,0.30226173733637635
13,7,0.2875845591453827,0.31889972102600417,0.30283763914488726
13,8,0.28823690753089937,0.3034911673910259,0.2957657105746571
13,9,0.27969262332576716,0.39173925863370435,0.33100843026568366
13,10,0.28018610972361024,0.4279214014654399,0.3462623755825585
13,11,0.28226159084763114,0.41922619623244367,0.3439933910318202
13,12,0.2729922061774685,0.471433059024406,0.35874440880390784
13,13,0.2769228659366631,0.4577342450964555,0.3560296040913809
13,14,0.24747545652498962,0.26553877370133877,0.25634806269372257
13,15,0.28576511338233107,0.398698637770367,0.3375413477306593
14,2,0.5353895080115714,0.8933912023802862,0.6916012408203499
14,3,0.5558936349090208,0.8501755457656507,0.6874643077618126
14,4,0.5332657408557283,0.8687518980530885,0.6806435370552639
14,5,0.5249873119241079,0.8705118161938549,0.6760234155573199
14,6,0.27185082309243913,0.6246030518916733,0.4120665647232263
14,7,0.3079679891633528,0.608081972713855,0.43274678783691817
14,8,0.2615013189557113,0.31133050670210227,0.28533022646356565
14,9,0.2729715533461918,0.43064028317891045,0.3428593691774969
14,10,0.2816705911949047,0.3389394835078779,0.3089810426206754
14,11,0.2536405943765647,0.4192235369866672,0.326086042476436
14,12,0.2922541303308271,0.4339457973985651,0.35612140012843224
14,13,0.286951483399113,0.45849036375736885,0.36271819640648845
14,14,0.28652589009850243,0.3463016423119263,0.3149990258810301
14,15,0.2859858679092938,0.3280706825033615,0.30630634807544915
15,2,0.5128061725594235,0.7985752651497127,0.6399330630792965
15,3,0.5275151761920407,0.8059056840904544,0.6520180050712888
15,4,0.516019952024606,0.8650505352415551,0.6681192525995693
15,5,0.5171616722179082,0.8667612658146201,0.6695190106654177
15,6,0.45640618216840534,0.41997255537379735,0.4378105419170078
15,7,0.3382153473212382,0.5647244560946437,0.43703372645466076
15,8,0.32821627545666265,0.5523876092740462,0.4257964346073575
15,9,0.3376453599719757,0.488372406932714,0.40607471866539097
15,10,0.2999752259029645,0.36502099969682045,0.3309036972343761
15,11,0.2938638739686049,0.44664594843237426,0.36228870904117233
15,12,0.2944644832624345,0.3448448834838564,0.31866058811966097
15,13,0.274235823673373,0.3248124810313182,0.29845471729395634
15,14,0.2509186877698949,0.2929738441813274,0.2711320942509026
15,15,0.26455465074603896,0.3278513069432301,0.29450736494186125
16,2,0.4935977494952991,0.7965191684934889,0.6270247754261813
16,3,0.5365938176669316,0.8492493111507442,0.6750569827958153
16,4,0.4977406104705269,0.8260000010980381,0.6411971185175378
16,5,0.3253705246861457,0.5529710946714664,0.4241703610691433
16,6,0.30062408750776093,0.2905553479804583,0.29554684291517175
16,7,0.3150857226686068,0.42669499188800736,0.36666810589156523
16,8,0.32081014055724477,0.44242340614732156,0.37674117788202716
16,9,0.3226421895323141,0.4275848795761725,0.37142552652903
16,10,0.28884431308671343,0.3550839523732235,0.3202561167430827
16,11,0.3170680514548449,0.418056174985181,0.36407726762490544
16,12,0.3031721463039596,0.31949720784117375,0.31122765661060864
16,13,0.28593016769684504,0.3521609242213739,0.3173222843087031
16,14,0.2966325092875348,0.3388187686109137,0.31702470176118447
16,15,0.3171215888811924,0.2690284699218489,0.2920868635113411
17,2,0.5222296227283345,0.8633798444276669,0.6714778703923969
17,3,0.5579558275341419,0.7919354110436568,0.6647292513666405
17,4,0.5527230110603705,0.7799012809480587,0.6565587440095905
17,5,0.28382553034661084,0.43671336169139235,0.3520659050398245
17,6,0.28311860273557377,0.27866194729161203,0.2808814361127757
17,7,0.2833501488065168,0.32353275893769134,0.3027755858532484
17,8,0.28476655626454556,0.37887588154533497,0.3284679284791118
17,9,0.2901003772641643,0.5592625777135459,0.4027931041917534
17,10,0.29942182249240196,0.39666693056165314,0.344631303382669
17,11,0.2758976846097007,0.4055614250594236,0.3345047953929893
17,12,0.2659590238904593,0.39749320633380364,0.32514136180994774
17,13,0.28913623770339975,0.40716460850712244,0.34311228924322584
17,14,0.28468263724603204,0.2929596803015568,0.28879150679166726
17,15,0.26930192637621436,0.3238699024437187,0.2953282726448148
18,2,0.48965187664854276,0.8401413065154839,0.6413865974474874
18,3,0.5088253835774537,0.8045810569200197,0.6398369049269369
18,4,0.49574832648345435,0.8525238813988351,0.6501055971845277
18,5,0.42948091223008705,0.8001810648428399,0.5862273395858857
18,6,0.3025167596692132,0.3172629368737087,0.3098021233403227
18,7,0.30704089872938906,0.32297515882004124,0.3149072610013504
18,8,0.3095443103826002,0.3923613255940716,0.348501385867861
18,9,0.31164034533870183,0.4268561658723709,0.3647267510649854
18,10,0.3248436787708526,0.4545049582793992,0.38424349398145036
18,11,0.3004972934427983,0.4026071661232345,0.34782519135437423
18,12,0.30246488104087726,0.3147491623604024,0.30854589277942895
18,13,0.3121963445636721,0.4498122233688966,0.3747395520569286
18,14,0.3325280271345641,0.3395825908853612,0.3360367970867967
18,15,0.3259623254264509,0.427235579408611,0.3731791834614412
19,2,0.46697762268311493,0.6744080513939703,0.561189333966985
19,3,0.517854472148347,0.8143388607055554,0.6493912694674618
19,4,0.4977884082866967,0.8570288346344275,0.6531607914200562
19,5,0.41906261627262403,0.8345780950358069,0.5913886031955028
19,6,0.2789654543481545,0.41009251471825064,0.3382331218156407
19,7,0.28729904768491527,0.4304908534640061,0.3516811229470177
19,8,0.2716439504382379,0.39617533204168115,0.3280527888343321
19,9,0.2695123374518765,0.3645245737600372,0.31343878179433476
19,10,0.28114120674904247,0.4020766201217329,0.3362146727711334
19,11,0.28114976584105156,0.3654522267536629,0.32054142942509506
19,12,0.29445262257602584,0.4261304437572936,0.35422482510945047
19,13,0.3058343127538129,0.45379498595060663,0.37254003497520904
19,14,0.2822804941308038,0.37519664533215624,0.3254392330997924
19,15,0.3053594715388982,0.39720257536323283,0.3482665193595362
20,2,0.5395445835867407,0.6921239977335245,0.6110906267874878
20,3,0.5427028597089554,0.7841127499792779,0.6523344477704724
20,4,0.5065791173724852,0.8553378525719771,0.6582524549222654
20,5,0.4710304444261175,0.812490286982421,0.6186337050058245
20,6,0.28284528528971176,0.25018641713032713,0.2660151283834027
20,7,0.30288472344369066,0.26485987982753634,0.28323490507508514
20,8,0.3070324089233978,0.3008930516370156,0.30394722974954913
20,9,0.3047856032857156,0.3041486081259305,0.3044669391184738
20,10,0.3079130713269714,0.28836656115643305,0.2979795857331073
20,11,0.2894433697534571,0.39932380830987046,0.3399729823088777
20,12,0.31791089015424384,0.36631624756087044,0.3412563909145713
20,13,0.30334310193987274,0.32093143563934173,0.3120133606063281
20,14,0.2999419063349311,0.2905873791403913,0.29522759433399914
20,15,0.30813897723391265,0.2956529465706471,0.3018314042184342
21,2,0.5075858838364053,0.8933912023802862,0.6734038632736424
21,3,0.5501000312399303,0.8463825500477437,0.6823452698027559
21,4,0.5048669513199177,0.8482010907339926,0.6543918541555203
21,5,0.505071475347412,0.854893161560343,0.6571013242824092
21,6,0.288996948603111,0.4564849435717515,0.3632117230700291
21,7,0.31814605614235003,0.39238807960488226,0.3533224023516819
21,8,0.3192389205295198,0.3599657409060744,0.33899126029215565
21,9,0.3241941963584954,0.3818705907978195,0.35185256755726957
21,10,0.31093208284580964,0.34533661008470984,0.3276831265972511
21,11,0.3105954947809779,0.3528982457344008,0.33107190343068277
21,12,0.3088346422522842,0.32905842128105517,0.31878619765673055
21,13,0.31300008648470345,0.3326440514551037,0.32267261562467553
21,14,0.31854666795023956,0.2680278750935754,0.29219751287244294
21,15,0.31821127652281855,0.3523574146004575,0.3348493731400607
22,2,0.5297801954874347,0.7631889080768848,0.6358634829228785
22,3,0.5749679124226136,0.8660163546656418,0.7056426968132993
22,4,0.5221814992384376,0.8475750450486692,0.6652728821623503
22,5,0.514616547365816,0.89166875164014,0.6773975895757499
22,6,0.3223428153629225,0.5990668441320459,0.4394370183861445
22,7,0.31996366475220905,0.5455367534067027,0.41779413456513576
22,8,0.3255002148927544,0.5340568009371631,0.4169359704678688
22,9,0.31668034980025533,0.48953815368159875,0.3937348266898165
22,10,0.30376761351373405,0.5344905605734248,0.40294034549919067
22,11,0.32783596769698525,0.5109998036870315,0.40929709885938287
22,12,0.31523768307929556,0.5297551548931813,0.4086548514673964
22,13,0.3180862474374739,0.42904527814051446,0.36942306709852796
22,14,0.2951198992142918,0.3328129430025421,0.3134002587684351
22,15,0.3031613296061086,0.3606807380453175,0.3306727265879831
23,2,0.5213111239877766,0.7295537682655692,0.6167045442868422
23,3,0.5365905589056665,0.7412012143312839,0.6306517056661168
23,4,0.5610667239930691,0.8718082037374916,0.6993872838572893
23,5,0.5443277031915807,0.8893284834688717,0.695762984635905
23,6,0.3132906134731561,0.6283595200775932,0.4436881106439603
23,7,0.318555685609856,0.6133898390708774,0.44203938821256933
23,8,0.3387241913564101,0.5566357589726202,0.43421883577070025
23,9,0.31490280772252577,0.4862330695834303,0.3913005990531633
23,10,0.3055463629562478,0.500095249131188,0.3908993278374026
23,11,0.3205705755132689,0.5076005727433854,0.40338791223239695
23,12,0.27537634006433126,0.3568698899979036,0.31348608292360153
23,13,0.31266617131850105,0.529552501463936,0.40690681137683576
23,14,0.2977336039136686,0.4116222467764223,0.3500768129765033
23,15,0.2510157613592936,0.34660623171974325,0.29496377260098755
24,2,0.4740312305511866,0.7965191684934889,0.6144712862279055
24,3,0.5181875603250882,0.7918013105023494,0.6405478821691787
24,4,0.5256182479811026,0.8596422069784979,0.6721931498629292
24,5,0.30234391806856453,0.4371689711985317,0.36355932062067603
24,6,0.27983151101390286,0.33487651525567474,0.30611925987605837
24,7,0.3009964941400933,0.42665566206794814,0.35835995659039915
24,8,0.2818473196211474,0.29728474005656,0.2894631360799005
24,9,0.2874440669828305,0.39533172699189567,0.33709903502368044
24,10,0.29589248257101086,0.6274269418813561,0.4308722727969529
24,11,0.2943409396776358,0.45816894163103156,0.36723000532470884
24,12,0.3008124452044972,0.6801619505074515,0.45232861889030046
24,13,0.28667665292381567,0.3826804040456723,0.3312182624363378
24,14,0.3041230665170514,0.4021033149105116,0.34969828879658016
24,15,0.26733174597005305,0.27902680769213384,0.2731166850867745
25,2,0.49592287500916427,0.8420369645024973,0.6462084743332202
25,3,0.5300150858730857,0.8164648248758518,0.657828757556956
25,4,0.5381512477376573,0.879834409697699,0.6881017260415366
25,5,0.5152186605720215,0.811910205502469,0.6467698884330785
25,6,0.5045443568198886,0.43010179135743726,0.4658384180029811
25,7,0.3110855064364436,0.4564409515987905,0.37681847697059917
25,8,0.3086665525465652,0.5472380532281566,0.41099158545185427
25,9,0.2979130804860946,0.48781649090287454,0.38121767209403123
25,10,0.3036281802669335,0.5635392634821855,0.4136500949837483
25,11,0.3123885519434079,0.5070503313548518,0.3979908526264986
25,12,0.3030166357515576,0.5788031538134357,0.4187922927071827
25,13,0.30884941549207556,0.46611777554720507,0.3794208778233227
25,14,0.3038588375035487,0.3990854483092444,0.3482321644935022
25,15,0.29669886762660813,0.34176647544621613,0.31843637709537725
26,2,0.5413880074577153,0.7533607282117167,0.6386395411681262
26,3,0.5629790799790358,0.829210654593524,0.6832483087662027
26,4,0.5016678174134189,0.8330885880450792,0.6464779452360319
26,5,0.29907333246347595,0.3658354081853789,0.33077426541243693
26,6,0.30578894105978316,0.2881604543336586,0.29684386499639076
26,7,0.3179931364284336,0.2958324653465894,0.30671272147225626
26,8,0.32897475213724986,0.33884449632105806,0.33387315583959626
26,9,0.3273715720553555,0.37573586469170417,0.35072102973973707
26,10,0.31308152149264085,0.3302641769706055,0.32155809898130694
26,11,0.2925508142545125,0.31365925371337416,0.3029212275036372
26,12,0.31568158922756984,0.3529464360709128,0.33379438558950125
26,13,0.2866437987239196,0.32087450532909273,0.3032765851845304
26,14,0.29117272008625694,0.2697332886608632,0.2802480603986316
26,15,0.31923632628132903,0.29769368642831634,0.3082768866011879
27,2,0.5265641166543863,0.8085020222318318,0.6524784694913615
27,3,0.5599528756752389,0.8630714848457133,0.6951829686152097
27,4,0.4988748329443111,0.8853723342680447,0.664597604081963
27,5,0.2973861072598464,0.4700350822584207,0.37387418122731264
27,6,0.2994605676576474,0.2829809495090657,0.29110416653886095
27,7,0.29460457524081024,0.2664309614363461,0.28016384532083266
27,8,0.31417945748504594,0.2938952579620246,0.3038681501966544
27,9,0.2902075347055563,0.3318620452571804,0.31033669782420203
27,10,0.3019221649904645,0.3528427379239661,0.32639093635572497
27,11,0.30361518567625695,0.3836597990651209,0.3412989029130801
27,12,0.3096493907290943,0.3372553425942901,0.3231577190080006
27,13,0.28957613285030187,0.3574063974042313,0.3217085053527113
27,14,0.2726492181943988,0.3113034330687796,0.29133595323515277
27,15,0.2893695125765645,0.361848454191068,0.3235860176457763
28,2,0.5457423951803397,0.8420369645024973,0.677890308116273
28,3,0.5230360330755685,0.7198267726078784,0.6135921606787476
28,4,0.5523195732607032,0.8157487394766154,0.6712331902369555
28,5,0.5370310173003715,0.8566639962112497,0.678273644902947
28,6,0.43729444844621584,0.4203969030880128,0.4287624422268931
28,7,0.2777102278630488,0.27489554530181454,0.27629930243180845
28,8,0.2820111861822333,0.351777155092357,0.31496839965210327
28,9,0.3101605292976167,0.3418420831471906,0.32561621803149265
28,10,0.2914434207054589,0.3142041447156949,0.30260986556253444
28,11,0.29102892393772317,0.3844148986775759,0.3344784810832586
28,12,0.28419217309867717,0.4253422377436714,0.3476764801579597
28,13,0.30246121343973165,0.28175449570511046,0.2919243166696933
28,14,0.3046484047161074,0.38027927912347664,0.3403696163460518
28,15,0.2926257304877578,0.36967814387776665,0.328903233334046
29,2,0.5057446818822238,0.7965191684934889,0.6346931018081361
29,3,0.4875511221655178,0.7030057430470413,0.5854496040748415
29,4,0.45038085628589203,0.7751347184375057,0.590851790406704
29,5,0.3079521461598874,0.47173823658187325,0.3811466940445221
29,6,0.4836350237329365,0.3803589646203831,0.42889965828992466
29,7,0.2868208128758229,0.2953399623358944,0.29104921932878663
29,8,0.29662280739654295,0.36298925759138595,0.32813243156010014
29,9,0.30512310171062385,0.4428957817457768,0.36761084676709815
29,10,0.31060663531515037,0.39764076864920656,0.3514396978348635
29,11,0.3195111653777209,0.43718116063980045,0.37374357802804753
29,12,0.28930467278931743,0.3601934653022248,0.3228090033132758
29,13,0.3048261070048068,0.3506529558200894,0.32693757115444283
29,14,0.28346896739899413,0.2727088275548478,0.27803684962170583
29,15,0.27535078676878844,0.31250698497107415,0.29334117369119395
30,2,0.500224906948102,0.8157659548017495,0.6388007896301747
30,3,0.5260080273705254,0.7490247489927736,0.6276886415010167
30,4,0.5410284528125279,0.8298777656348443,0.6700652830619845
30,5,0.4921427778009881,0.8465104277962356,0.6454486760178088
30,6,0.32271956030384175,0.5418766874011346,0.41817963400552693
30,7,0.3291082345900536,0.5328763433578259,0.4187767813732004
30,8,0.3426702704868263,0.5007686971917158,0.4142445472399376
30,9,0.33163847824413295,0.4658345415425137,0.3930504528310743
30,10,0.3198490441186225,0.5196582350464097,0.4076912922150345
30,11,0.2990528013818888,0.43380743612079325,0.3601823552483075
30,12,0.2878690347418204,0.47169532897238514,0.36849216958234804
30,13,0.2788089895471239,0.3408902874694358,0.30829089606373716
30,14,0.2870025565474284,0.2879144782185391,0.2874581557648689
30,15,0.2900285310459959,0.34036285643352926,0.3141893366650684
31,2,0.5155256196462945,0.8438149751197245,0.659551543031641
31,3,0.5456596568375266,0.7935239069727782,0.6580227828663227
31,4,0.4960947761569126,0.8680072228762009,0.6562117409307398
31,5,0.35768732113533885,0.5591450941353862,0.4472126013958609
31,6,0.30591722118841663,0.29244273585965924,0.2991041108225112
31,7,0.30686156556247063,0.3029220435369557,0.3048854416385491
31,8,0.3023804440855556,0.34509974462736603,0.32303469478406616
31,9,0.3123879333745176,0.42925708560649345,0.3661894780833836
31,10,0.29477991391295244,0.3997519401291141,0.34327662678632226
31,11,0.30201851687966197,0.34177909912622223,0.3212843236427333
31,12,0.2849025110318037,0.31193858710074496,0.29811421762927587
31,13,0.287698626714152,0.36432156045828995,0.3237511584939997
31,14,0.2859661065060589,0.26385951191766943,0.27469051182682847
31,15,0.28762991076947053,0.3315051289581375,0.3087892333969093
32,2,0.5348839236164564,0.8683089637151791,0.6815016547473045
32,3,0.5553340131671002,0.8311584082049571,0.679389825068081
32,4,0.5029163655848561,0.8348675053695631,0.647972631787297
32,5,0.4827619045268407,0.8303321747557365,0.6331293249210567
32,6,0.41056699659586776,0.41843710755616553,0.4144833730242951
32,7,0.29153554758914735,0.7163666445592954,0.45699709189030324
32,8,0.3002868092494152,0.4975832209890152,0.38654582880537985
32,9,0.30731828432555414,0.5062406724963082,0.3944325226542307
32,10,0.3125022228206422,0.5423698847509598,0.4116938116800524
32,11,0.3012001376706226,0.4107560987728699,0.35173824571609535
32,12,0.3206391730366998,0.5901087916437368,0.43498505141479743
32,13,0.31305203371543255,0.5132640255618068,0.4008470369543642
32,14,0.3232548922607862,0.36420263425215327,0.3431184683112734
32,15,0.3144259511385164,0.4193711349336325,0.3631269309505238
33,2,0.4776204770376226,0.8633798444276669,0.642158775662383
33,3,0.5140834788427303,0.7864769559552882,0.6358575387200621
33,4,0.5061643817156484,0.8673913963159317,0.6626029201729543
33,5,0.5038705551549738,0.8788022000636004,0.6654341082462325
33,6,0.2987465895026967,0.3293770822390264,0.31368818909748325
33,7,0.3378581138753562,0.3555005720635332,0.34656709705192074
33,8,0.3337708216204008,0.35783937762227885,0.34559563521132736
33,9,0.3270802347570434,0.39098170654727293,0.357606471366489
33,10,0.3002045687217104,0.4703091495668225,0.37575118817055303
33,11,0.316804351325516,0.41366687986500283,0.3620103141354986
33,12,0.3162744112501696,0.4750474598799272,0.38761495803104984
33,13,0.3148329338478733,0.4668615949372495,0.38338414890940875
33,14,0.2799646805702954,0.3074097599876957,0.2933664521705684
33,15,0.27080264405083954,0.38249016870827607,0.3218374574372176
34,2,0.5071731682140892,0.7713077792230961,0.6254491266735857
34,3,0.5541755589854571,0.8870697820433558,0.7011365004925819
34,4,0.5532318027336659,0.8271738368785212,0.6764753306296007
34,5,0.5162900063937373,0.8924555703417648,0.6787973866463219
34,6,0.4721827603510792,0.4037416800575876,0.4366232483026688
34,7,0.27602134508035664,0.6268499907214928,0.41596150976088586
34,8,0.2899713282815584,0.5757645195515834,0.4086015204472029
34,9,0.28089627119778815,0.43860780709368813,0.3510032728207185
34,10,0.2683088444984325,0.4203561071723412,0.33583516997668683
34,11,0.27216255887211177,0.40785487652055585,0.3331708673373224
34,12,0.2789281423819374,0.5063293998230319,0.3758051608559941
34,13,0.2727817881011519,0.5182357154062848,0.3759857246045467
34,14,0.27276392686087564,0.4024357966621452,0.33131551157009176
34,15,0.28548836630471913,0.4951385381532529,0.37597379210774656
35,2,0.5550499516338911,0.7868259393591087,0.6608537656589121
35,3,0.5860123901092787,0.7800758669263292,0.6761169449467052
35,4,0.4551386049607189,0.8024268759333194,0.60433057914959
35,5,0.2814969421495824,0.39778080904297203,0.33462528504490446
35,6,0.28318738431981927,0.27670188968970943,0.2799258551430717
35,7,0.2667771387420068,0.23975222334457652,0.25290395835356294
35,8,0.29373239001596113,0.3048923114432167,0.2992603337191664
35,9,0.29216008007922917,0.3210908038337205,0.3062840429417828
35,10,0.29185515804379975,0.35903159996126305,0.3237054592517907
35,11,0.28266941414277247,0.3037161562163183,0.2930038701849541
35,12,0.2722091374981674,0.2892062863570285,0.2805790330161802
35,13,0.273436045957279,0.2907052109893429,0.28193843908219124
35,14,0.28217063278970655,0.242758240652867,0.2617236068449603
35,15,0.2959825051492605,0.3379151532416969,0.31625460247144815
36,2,0.5264850364085822,0.7736830107250484,0.6382260791210891
36,3,0.5502897449175528,0.7764856593979976,0.6536758336073485
36,4,0.5615371944062937,0.7890492401705584,0.6656429197203206
36,5,0.5349634886357242,0.8250088859767375,0.6643415023898386
36,6,0.34205567229537914,0.3522816859564396,0.3471310255900207
36,7,0.3127158466087125,0.346229980745806,0.32904650362865573
36,8,0.2694060869371537,0.3781751177803754,0.31919066192200574
36,9,0.2803370979566543,0.4529400613523339,0.35633678219883813
36,10,0.293567442530932,0.48402631600287765,0.3769540657780912
36,11,0.28530435132395493,0.44558403930614876,0.3565488259615342
36,12,0.2898368484996789,0.5505244241634242,0.399452455395667
36,13,0.2908472064789631,0.5052782709372475,0.38335202307620486
36,14,0.2951463993894934,0.3554690054230779,0.32390646341989804
36,15,0.2734848519116981,0.3146835484668712,0.2933618646850847
37,2,0.5239247724654625,0.7839909289817776,0.6408995780009256
37,3,0.5370112877200264,0.8550710424456084,0.6776302838538295
37,4,0.5004115898666467,0.8771150390903314,0.6625092687707386
37,5,0.496038130400087,0.8895639076114428,0.6642722465999733
37,6,0.32262361080108154,0.5556122445856391,0.42338354780684684
37,7,0.29745336373044523,0.5944836890651513,0.42051298790324343
37,8,0.27781492454036616,0.40437278007393457,0.3351727813865831
37,9,0.28750565769128694,0.35263057421890737,0.31840742008135287
37,10,0.2927163227359355,0.3718934514408035,0.32993830264964263
37,11,0.2610512046570281,0.3485512575256124,0.30164503254949043
37,12,0.2744057183646387,0.506521182817399,0.3728167231199733
37,13,0.2874135431905581,0.3697175988571572,0.32597828925779854
37,14,0.27681675149789015,0.30684000291570546,0.29144202311390977
37,15,0.2955442541740793,0.31770182984649503,0.3064228293579358
38,2,0.5360375134759284,0.7104993758608352,0.617133955282515
38,3,0.5597925690002141,0.8127880179259099,0.6745314615400361
38,4,0.5162367831516897,0.7781487999891555,0.6338052013984654
38,5,0.30754101527309596,0.43893747305163267,0.3674115895065183
38,6,0.30639726059128125,0.4521560890120152,0.37220879494303866
38,7,0.30935649717270025,0.5322728268756153,0.40578572826363846
38,8,0.3138516180267078,0.49136782461058315,0.3927041975842569
38,9,0.3062757228795255,0.38115144029703707,0.3416686009915856
38,10,0.2984839318975151,0.32666257520277825,0.3122555521528688
38,11,0.31722024394519177,0.3893198378109541,0.3514258583586207
38,12,0.29785559454483973,0.3526970696198594,0.3241184897006741
38,13,0.29990782306801755,0.2898837430179581,0.2948531877245428
38,14,0.3144622423069214,0.30053006769968327,0.30741723921975045
38,15,0.30119046580307957,0.31923687177969007,0.310082411808285
39,2,0.5107004672069512,0.7082305351129433,0.6014097315245316
39,3,0.5185488867905027,0.7336397975352342,0.6167885377640423
39,4,0.516074946539379,0.7940023208007395,0.6401286630509405
39,5,0.5168938192799647,0.7977753221618169,0.642156626688167
39,6,0.5055003191438266,0.4128407332164216,0.4568272347359257
39,7,0.26482643957077123,0.32658273331131743,0.2940879842634291
39,8,0.250611569641946,0.3019797370740617,0.27509928372897074
39,9,0.25545034085248935,0.28899268466065825,0.271704397830512
39,10,0.25524859857329857,0.32167933031331547,0.2865452813299688
39,11,0.2531091543692635,0.3253572223030849,0.2869684501910729
39,12,0.28370856139579015,0.3250542223325917,0.30367855669046984
39,13,0.28166495545913556,0.39006405657682836,0.33146247920680566
39,14,0.2843506640485972,0.25877342044131574,0.27126074898631203
39,15,0.29399574225976305,0.3023626694982497,0.2981498573717273
40,2,0.5246704416958058,0.8438149751197245,0.665375665098748
40,3,0.5534484621726424,0.7773679528477424,0.6559215639433409
40,4,0.537178485936308,0.7565189664374504,0.6374838923243239
40,5,0.35622621703503543,0.6488016746113535,0.48074958778224497
40,6,0.415213726654316,0.41482769137766207,0.41502066413170985
40,7,0.2563189034589059,0.3167696250153628,0.2849456841803831
40,8,0.26734984241105947,0.3203310313943814,0.292643897531898
40,9,0.2730476631020412,0.4389516830360221,0.34620042066365797
40,10,0.2895455684722104,0.4457853655626373,0.35927033983955026
40,11,0.28213522038131444,0.4058823402513574,0.3383987345066473
40,12,0.27385240654383025,0.4475649794423904,0.35009533945061094
40,13,0.27249001823035557,0.3674826195253566,0.31644169398769695
40,14,0.28605572219657516,0.359075707249701,0.3204928404201242
40,15,0.2785753686225958,0.3386149057187708,0.3071315226115875
41,2,0.5092908265268841,0.7513663429191766,0.618598404305887
41,3,0.5489686416801229,0.8365158706947797,0.6776584547389478
41,4,0.5462305861875865,0.8749415060161155,0.6913174464101369
41,5,0.5489582421051039,0.8874269825023193,0.6979687359123689
41,6,0.5051221028697931,0.4151188087758689,0.45791449598114975
41,7,0.3866757850015454,0.5240162600738917,0.45013819957613693
41,8,0.3461987428995613,0.525927952424592,0.42670317081682674
41,9,0.30168283431591625,0.45475669958695336,0.37039477595606524
41,10,0.3066990762965431,0.4847264907919892,0.3855712216729458
41,11,0.3001198249780586,0.42258889178130654,0.3561282132028821
41,12,0.29455737853133485,0.38488799744790386,0.33670699362565915
41,13,0.27219165340472806,0.3674367887358437,0.3162486791240922
41,14,0.2978928631438411,0.2975360759303858,0.2977144160894563
41,15,0.26810428083841603,0.34524130622408944,0.30423785451670027
42,2,0.48610966047028775,0.8217615325556461,0.6320334006824073
42,3,0.5275410185637512,0.8606881173495934,0.6738310515940342
42,4,0.5272222670333307,0.8626331360874543,0.6743881653959383
42,5,0.3533153128522376,0.5465420541145594,0.4394333588115383
42,6,0.30450276689423317,0.5622481834859894,0.4137706219063169
42,7,0.3094393345845915,0.40270869259084224,0.3530069544169648
42,8,0.39722552233033204,0.5161867643160778,0.4528162508959434
42,9,0.32102608307060293,0.5567163346797565,0.42275343204244376
42,10,0.32552918619438886,0.4000765004750908,0.36088305254632747
42,11,0.30543103762939683,0.4143238879955252,0.3557349786359492
42,12,0.33098936515049765,0.48182604988826166,0.3993485925422647
42,13,0.321338696594591,0.4691438211957165,0.3882706066887338
42,14,0.2985734654364583,0.34647660558381477,0.32163445216863895
42,15,0.32921255240424185,0.4123876863761118,0.3684605851539073
43,2,0.531024657893308,0.7368632688963999,0.625533824249221
43,3,0.5649002332978661,0.8094001181731731,0.6761880770816252
43,4,0.5384721004648829,0.7663285050391297,0.6423756842802611
43,5,0.2843465263824742,0.37471549294286854,0.32641851785706216
43,6,0.2930292448355077,0.2980090020632028,0.29550863410188805
43,7,0.28699304198954806,0.2770679995333705,0.28198685789242145
43,8,0.31123493292767723,0.2984311262646843,0.3047657978949085
43,9,0.31452851076491095,0.36890702268735165,0.340634373568743
43,10,0.30671150020380983,0.3361072900408185,0.3210731554612694
43,11,0.30863752093174196,0.33625745171181554,0.3221516200349762
43,12,0.29842903310148783,0.3074664220180508,0.3029140258126403
43,13,0.2969854566647954,0.3723048487387713,0.3325193611223286
43,14,0.3002696871317087,0.37155430642998033,0.33401571122354295
43,15,0.30202351717343123,0.3225953933815279,0.31214002520188866
44,2,0.48344751676043307,0.7488283486091504,0.6016803184540023
44,3,0.5317241362795789,0.7633780174399516,0.6371079319692038
44,4,0.5207025594471316,0.8482789666510833,0.6646059201213806
44,5,0.31793518332015525,0.3937711485611427,0.35382722097653113
44,6,0.3233238172276676,0.31732561671400517,0.3203106768437417
44,7,0.33682322571278445,0.5109407417452198,0.41484540347303794
44,8,0.3053822438275365,0.3217073171564915,0.3134385144952456
44,9,0.30045166340371354,0.34880526326143146,0.3237269243527132
44,10,0.3088757478087372,0.34153322122549107,0.3247942873690214
44,11,0.3262676549884307,0.4044932605064822,0.363280976055827
44,12,0.29250348422289163,0.3566495856802044,0.322987997390167
44,13,0.3167895830830088,0.4146333964498478,0.362424531169786
44,14,0.2665814188151136,0.26485944717723897,0.2657190381118654
44,15,0.2762773646889548,0.3541764636943803,0.3128113489378809
45,2,0.5462680928770114,0.9200158736675014,0.7089254662691441
45,3,0.563796267182309,0.9089030897951117,0.7158464704508579
45,4,0.5097097739823179,0.8373457393290511,0.653301850248771
45,5,0.5307681852639609,0.7919220186402705,0.6483263165291603
45,6,0.3506630885549869,0.48500014015771814,0.4123974382768484
45,7,0.3555098452419208,0.39825315063143385,0.37627505358193547
45,8,0.35884631577416454,0.4215569919885168,0.3889398069932136
45,9,0.3446596686849757,0.44778957147191745,0.3928549418603492
45,10,0.32354639557730347,0.5446699192723563,0.41979279312531287
45,11,0.31913407219330076,0.4953278536959105,0.39758771990686964
45,12,0.3192650655111732,0.5233415243246834,0.40875991247703986
45,13,0.3040444828332583,0.508610450898547,0.39324318367524064
45,14,0.30730996169059627,0.3602416161144898,0.33272486719135125
45,15,0.3123425248614164,0.3570318535769271,0.3339404596663437
46,2,0.5262662555700508,0.7368632688963999,0.6227248777664305
46,3,0.567426060534613,0.8613185935238101,0.6990955702823679
46,4,0.5203283261741037,0.8882781030320621,0.6798501735881083
46,5,0.29563406921729446,0.43408057735013944,0.3582303832036226
46,6,0.3010502327347315,0.3891660968051343,0.34228430290571715
46,7,0.28930188514007193,0.33095010087182264,0.30942606236307124
46,8,0.28999524465062054,0.3216082626881531,0.305392971137045
46,9,0.2853556034021893,0.30265978633596813,0.29388035993491957
46,10,0.2950994964188639,0.3569310896239037,0.3245461212281705
46,11,0.29658971835650466,0.3478180855372896,0.321184165283414
46,12,0.3009825132750232,0.31825477000067176,0.3094981753364091
46,13,0.2954303179880857,0.2957696198543747,0.29559992023813736
46,14,0.26999287677137024,0.31718693302852546,0.29264007333695696
46,15,0.299674605365488,0.31952785194661026,0.3094420510134046
47,2,0.5298109816825934,0.9180842134857149,0.6974317876424606
47,3,0.5533745316325744,0.9238925754595516,0.7150235109587253
47,4,0.5235091562535109,0.8475261183163788,0.6660988538517543
47,5,0.5257470897175639,0.8416932516187988,0.6652200970156394
47,6,0.3164894030976147,0.2983445627711975,0.3072830821715949
47,7,0.32538195128842656,0.32320596521715805,0.3242921331614725
47,8,0.3493501528997094,0.3127063681099072,0.3305208276522206
47,9,0.35296727757217206,0.3343511223659082,0.3435331212775484
47,10,0.3109474352688875,0.41960345117368963,0.3612127032268282
47,11,0.32754787527393203,0.32591321067370455,0.3267295206740237
47,12,0.34074955694492887,0.3391167548007315,0.3399321755158687
47,13,0.31089839247525836,0.398549529567709,0.35200626139938357
47,14,0.28853865404539597,0.30634327211399337,0.29730771165853426
47,15,0.29820109939075745,0.3921745168265513,0.3419749582509174
48,2,0.49159183752871793,0.7687731620569586,0.6147541064347135
48,3,0.535022260537028,0.8517183745952157,0.6750468799400938
48,4,0.537582481845195,0.8678433280990591,0.6830354091643317
48,5,0.3008765695769594,0.3871906244804055,0.3413159633917305
48,6,0.32217391548811075,0.6183051057989856,0.4463202627055484
48,7,0.33059842730256034,0.5988018637402164,0.44493028040172494
48,8,0.316180794349946,0.38231236767223337,0.34767776474835915
48,9,0.31381697882773596,0.3664015959405136,0.33909149484425705
48,10,0.32594444431617964,0.36199954411534285,0.34349925800412695
48,11,0.3270933099215508,0.4179564172266094,0.3697441654896049
48,12,0.32911894096819205,0.4414772348703212,0.38118042972073723
48,13,0.31362946412622467,0.30841079933049975,0.3110091859170164
48,14,0.3202205689527266,0.39037489699018324,0.3535619770550257
48,15,0.30543306731116077,0.3416622317934305,0.32304015762911625
49,2,0.5703108719958473,0.8667695236587629,0.7030846910986288
49,3,0.575148246377832,0.8791622791185127,0.7110897574262695
49,4,0.533082109031675,0.8167128043786992,0.6598295114886653
49,5,0.42507415960054307,0.6991072686852361,0.5451352444183074
49,6,0.28587023120124105,0.26555843100007054,0.27552722200796964
49,7,0.2812454831359299,0.2809513066003927,0.28109835638526637
49,8,0.30319215430658436,0.3177495596684529,0.3103855240275339
49,9,0.28742695818357555,0.3309026306595604,0.30839963778419166
49,10,0.3002170950432222,0.3366276512387516,0.3179015186596644
49,11,0.3106111460111796,0.31049373782121065,0.3105524363677429
49,12,0.3069562777641078,0.3413261662585588,0.3236853557055373
49,13,0.3029327989983836,0.36461685333084964,0.33234681274460476
49,14,0.30650052403040473,0.3097786326998251,0.3081352191099204
49,15,0.30238973932248875,0.3335434037545059,0.3175847964151632
50,2,0.49804404543656716,0.7660701697615826,0.6176865600256625
50,3,0.5449536574613832,0.8502646331696786,0.6807017126876336
50,4,0.532069153706201,0.8155736806619892,0.6587424368103789
50,5,0.49636022557026294,0.8760388132983657,0.6594170326713454
50,6,0.4897620653646171,0.4064964644315922,0.44619115632588596
50,7,0.2859339076124667,0.27917302420004253,0.28253324354756537
50,8,0.28074569225168794,0.42077550256586055,0.34370177443592637
50,9,0.2860446879843917,0.34324659505086974,0.3133430471273152
50,10,0.27246657797958673,0.313695673576006,0.292355240599952
50,11,0.2769115664849404,0.38452647629304004,0.32631247126832286
50,12,0.26289926466325564,0.4407865377653885,0.34041512400594515
50,13,0.2871647260074792,0.42146212045449166,0.347892302793329
50,14,0.3000454218950068,0.2782148121827054,0.28892400505807736
50,15,0.2885308745016185,0.3065828787889911,0.2974199491026305
51,2,0.4969160712071461,0.7142049226057163,0.5957347599209202
51,3,0.5354368631042578,0.8399785687518776,0.6706381214390585
51,4,0.5220064380397312,0.8398632124700681,0.6621283893491551
51,5,0.5272537706925969,0.8840332676596373,0.6827223987765757
51,6,0.26091869777258764,0.3173875937654404,0.2877713635066105
51,7,0.2853437177201744,0.5855182232624918,0.40874680013258885
51,8,0.28462588923579407,0.4610506274897155,0.3622525981024582
51,9,0.28256779048734926,0.35341694545786756,0.3160130462478055
51,10,0.2862193908375609,0.37877967597448425,0.3292629467751657
51,11,0.29880372464084703,0.4077753303964758,0.3490627272269541
51,12,0.3000409685001464,0.4084089379027346,0.35005630014678013
51,13,0.28937506556834186,0.37032000683012395,0.3273551225469611
51,14,0.2640261995032987,0.3044372871309863,0.2835126450588912
51,15,0.2673102479281785,0.31796556110626517,0.2915397965491815
52,2,0.5534794864019099,0.8381209477008232,0.6810893859664336
52,3,0.5352440126527515,0.8111215213842445,0.6588990346439335
52,4,0.48875429257895947,0.8771226313524685,0.6547499149993615
52,5,0.27969673912910215,0.41170849984650776,0.3393427837435219
52,6,0.2830740781149668,0.27315599332206414,0.2780708201002423
52,7,0.2888688976369739,0.5102968471921764,0.38393865097958985
52,8,0.2930158011241497,0.32505773672055427,0.30862121303756185
52,9,0.2969155463386518,0.4241713992767282,0.354884604847097
52,10,0.3090259394454107,0.41171002463592526,0.35669185180237856
52,11,0.3094511536962316,0.4635066569976211,0.3787250582596791
52,12,0.295106252807035,0.3546986401456909,0.3235332851023922
52,13,0.32146429718211345,0.3678811441887955,0.3438904672467716
52,14,0.31915128779757673,0.3335170310797383,0.3262550995333604
52,15,0.30401311318168134,0.33824341642238115,0.3206718479065101
53,2,0.5189469218079521,0.8110786314969087,0.648773272537893
53,3,0.5426000125163974,0.7693658668779054,0.6461098428267754
53,4,0.5440279393702209,0.785887651838929,0.6538691304889948
53,5,0.30070725839366186,0.375798399994035,0.33616261923499313
53,6,0.30243675023259525,0.4150540919893309,0.3542987591736583
53,7,0.3147746392634259,0.3352231770850488,0.32483804370745395
53,8,0.33534353222071656,0.4142537901974415,0.372716151032699
53,9,0.3270001384524875,0.557690755820746,0.42704209905705587
53,10,0.2894395525252384,0.3496759470634957,0.31813526941679565
53,11,0.2886785166570386,0.3136538586991976,0.3009071794973339
53,12,0.29915311483499146,0.330473508510227,0.3144235669304743
53,13,0.30814091511090275,0.4349925900021779,0.3661133905632691
53,14,0.31229154767757134,0.2538071341806511,0.2815347629421357
53,15,0.31430037630930946,0.3179668820700899,0.3161283136457838
54,2,0.5226252660945864,0.7713077792230961,0.6349054522976592
54,3,0.5442574253120386,0.8540325093590048,0.6817723481313329
54,4,0.5220131890108346,0.8695614886382732,0.673737757384187
54,5,0.284789436738835,0.4464947269553369,0.3565907763760447
54,6,0.27841657478140047,0.656749768814551,0.42760965976205906
54,7,0.3017789101053466,0.6618930320870998,0.4469288062203735
54,8,0.30013769766115383,0.4608998423450386,0.37193200660043857
54,9,0.28496272325652017,0.45546996652219385,0.36026651526574105
54,10,0.26940260849242925,0.36043570425663146,0.31161244988052433
54,11,0.3068129614837184,0.46396435955161136,0.3772933595717351
54,12,0.2729002777026367,0.3677646551169733,0.31680132024762214
54,13,0.2541611177711213,0.35395635191369157,0.2999365633672764
54,14,0.25916940389610044,0.2955543944391142,0.276764622424287
54,15,0.2877687992091714,0.3764270604342522,0.3291260596959818
55,2,0.4992827868670154,0.7537415841231039,0.6134575769346583
55,3,0.5378832635648944,0.7797555794057762,0.6476244867465358
55,4,0.5096413315088958,0.790161044068973,0.6345854762014104
55,5,0.31743694519147186,0.41531378770643823,0.3630921922396999
55,6,0.3194746802713304,0.44853277373197253,0.37854308140452775
55,7,0.3480615655381643,0.5089155133755591,0.4208728196405129
55,8,0.32241025762661263,0.45531434744789173,0.3831422921862944
55,9,0.25559807138961654,0.3342098635616451,0.29227281188256865
55,10,0.2522624099604092,0.32583566280842857,0.2866986040271237
55,11,0.2576568278375687,0.37964846351441345,0.3127603216562656
55,12,0.2903347423867607,0.4049052598471354,0.34286741505830276
55,13,0.29523059001504637,0.41445971194300985,0.34980163706649653
55,14,0.305750072388404,0.30030280291326417,0.3030141972402797
55,15,0.29422685387670605,0.4280320559735952,0.35487818358908607
56,2,0.5340516431043567,0.7839909289817776,0.6470638637736073
56,3,0.5635651379875739,0.833066868394806,0.685191538651635
56,4,0.5471692376497822,0.8698801118481719,0.6899069775315159
56,5,0.5409042234871118,0.8535949294113722,0.6794947405725774
56,6,0.3852411325141623,0.35165614419619506,0.368065770271708
56,7,0.4186346990246187,0.40587736265540947,0.4122066806301826
56,8,0.3524175240821658,0.33492403738106546,0.34355945629459517
56,9,0.2944910943567261,0.4030167150747424,0.344506652281801
56,10,0.29548069954068845,0.4733420444473402,0.3739832060605392
56,11,0.29294882841867387,0.4528177808929943,0.3642148245194674
56,12,0.26462068766180213,0.3132813795390483,0.28792487576668496
56,13,0.2860423404655735,0.35836954042008307,0.3201700518370394
56,14,0.3036336274260288,0.27592937417084457,0.28945023197932923
56,15,0.2808049764841545,0.3728293962209221,0.3235619721759922
57,2,0.5273238394757032,0.8157659548017495,0.6558756249470028
57,3,0.5302383656028523,0.7007365281631085,0.609555076602126
57,4,0.5385616865368533,0.8864914274775271,0.6909633262936316
57,5,0.47372314020241985,0.7374840806955403,0.5910696021251526
57,6,0.443585220156878,0.37936722794857347,0.41022151982785166
57,7,0.4335476547713707,0.46962581054792707,0.4512262944279265
57,8,0.27241289574846794,0.2995379918115622,0.2856536569625331
57,9,0.28450151100753124,0.4643188823865823,0.3634548440017148
57,10,0.3083293937587669,0.4147306603232123,0.3575942576029838
57,11,0.2863366614558843,0.41830214750402306,0.3460855969209479
57,12,0.2685968330973225,0.37315814093710464,0.31658978963351087
57,13,0.29325856230565417,0.30938847324792806,0.3012155687520629
57,14,0.2785284052180445,0.35449021975138645,0.3142222073195143
57,15,0.30421012386477553,0.3598615292478857,0.33086782918057606
58,2,0.5161680125144164,0.7660701697615826,0.628825028901059
58,3,0.5252985600463059,0.8605306150641725,0.6723358483443909
58,4,0.5018454268316936,0.8882613130427943,0.6676600016340966
58,5,0.28478301796330424,0.4536703462684397,0.35944069103369963
58,6,0.2927644648213308,0.39484578319268,0.33999531526679033
58,7,0.35765399949766036,0.4001108497484948,0.3782872528317028
58,8,0.27257330203926006,0.4316825309562155,0.343023516534072
58,9,0.32098168391421417,0.40929706205989236,0.3624594600795031
58,10,0.27455516235921373,0.4053213188743588,0.33359115772334286
58,11,0.27401784988420846,0.3787516297427515,0.3221563397207148
58,12,0.28549487134906315,0.4261639623889301,0.34880886688247276
58,13,0.2595888775418944,0.37462771164031833,0.31184801933121
58,14,0.32163405998769334,0.35424132611344333,0.33754418367569494
58,15,0.27171236217476036,0.2956257303285091,0.28341694640087756
59,2,0.5058120136927095,0.7660701697615826,0.6224849357189473
59,3,0.5604654085993099,0.809048215469997,0.6733821639009563
59,4,0.5556759792459948,0.8809600184418407,0.6996630052562729
59,5,0.5701713858029306,0.8947547163756686,0.7142573321917131
59,6,0.5190113797401528,0.4069929381406515,0.4596019651490605
59,7,0.28944983581621697,0.47046150556150834,0.36901897721205185
59,8,0.3057507547372605,0.4783070039401337,0.3824169549729898
59,9,0.28884181389324853,0.4698455648828846,0.36838980063306637
59,10,0.25539597700727007,0.3235050062040874,0.28744021487299903
59,11,0.2958582696398956,0.43045040029690895,0.35686455497519487
59,12,0.2950557615423415,0.4544868166646652,0.3661952400044918
59,13,0.2709677132184095,0.2914186898490166,0.2810072169491256
59,14,0.27951754793992056,0.3497223642594,0.31265562159913135
59,15,0.2517613611967325,0.27968309824240933,0.2653552289238492
60,2,0.534472815293261,0.7894864941767689,0.6495837660984642
60,3,0.5102986736461574,0.749510846495544,0.6184451397254932
60,4,0.5189515199677379,0.8408601298952144,0.660579777535909
60,5,0.40614684893556424,0.6235485667645138,0.5032417764352385
60,6,0.36851146409417757,0.41169896197641304,0.3895071080788913
60,7,0.2877662952151274,0.6013754587557871,0.41599950456635226
60,8,0.2942239715209287,0.498953329426556,0.38315014052910323
60,9,0.3066299787078182,0.47079916859826887,0.3799488637210877
60,10,0.31236255759049125,0.5470195530347233,0.4133623430332443
60,11,0.30788734749272867,0.48051053751064066,0.3846337411570343
60,12,0.28133854575954576,0.3711025646347864,0.3231183310522457
60,13,0.3148842626471054,0.3828041236113439,0.34718726100136427
60,14,0.28120951335926614,0.2892238242268399,0.28518851811167917
60,15,0.3096171127407898,0.4372383438545013,0.3679354204256439
61,2,0.48922968077264495,0.8454817435747431,0.6431444344065886
61,3,0.5359502344826284,0.8138860405902046,0.6604562167899233
61,4,0.5201097655218903,0.8753037016023834,0.6747251314430627
61,5,0.5311307735857111,0.9355403343777628,0.7049072715745639
61,6,0.3317537287642608,0.49950760278643996,0.4070792426180666
61,7,0.3002017343729752,0.6759574326246692,0.45047041371906904
61,8,0.311640129209679,0.6690954149227428,0.45663659682522967
61,9,0.2916266204826324,0.3491919719238346,0.31911388981336136
61,10,0.29726833454557905,0.3527807517953348,0.3238372222983894
61,11,0.30179619850233247,0.5238907112048626,0.3976282498418729
61,12,0.31724736092408345,0.4955289458580599,0.396491173085811
61,13,0.30630115530047497,0.3328495703380049,0.3192995583081781
61,14,0.29614033273990104,0.34040216589386796,0.3175008829486826
61,15,0.3073197893835295,0.3269242242213429,0.31697047769796616
62,2,0.5048452150683161,0.7713077792230961,0.6240120525164151
62,3,0.5376412911208435,0.8053148155783808,0.6580049370683358
62,4,0.5555683824449169,0.7789797263243403,0.6578575123166094
62,5,0.5227812801406109,0.8041254246766384,0.6483685054859354
62,6,0.4971175647380254,0.4167830580432596,0.45518147901527395
62,7,0.30789674595531774,0.39278640155479055,0.34776091628332645
62,8,0.30767578965724535,0.3473131110413413,0.32689422707958493
62,9,0.29708826593087767,0.3422612681883346,0.31887584835069493
62,10,0.31432332732560336,0.33923878499275056,0.32654350959223843
62,11,0.3119820342321716,0.41240332602978447,0.35869545380292406
62,12,0.34148690272033566,0.35229431927250743,0.3468485201558998
62,13,0.31967748210784197,0.3034332252631239,0.3114494653069372
62,14,0.3390540693619042,0.32498881664745577,0.33194695477053204
62,15,0.30251040272816065,0.2784235079607529,0.2902171730311537
63,2,0.49485587020059507,0.7736830107250484,0.6187580945181729
63,3,0.5417463582444041,0.8428239684611789,0.6757194799285723
63,4,0.5382659100288463,0.8179308159543283,0.6635241329373736
63,5,0.5048206587832146,0.7995253629404844,0.6353085238161881
63,6,0.2654155665810033,0.2773340812108578,0.27130938482994243
63,7,0.4807111037792319,0.43767956140890363,0.45869099082768583
63,8,0.3184335346709118,0.6605505712596076,0.4586299742004297
63,9,0.29102061910387483,0.5108312278663074,0.38556765968017254
63,10,0.3115203196059771,0.5101081540593234,0.3986339864915878
63,11,0.294291534382344,0.4539326154832068,0.3654976414653636
63,12,0.2977572261768528,0.46695062545700794,0.3728778928786543
63,13,0.29690047168026673,0.4060053939103534,0.3471933077648767
63,14,0.30159660355036316,0.324960522674365,0.31306068090154543
63,15,0.2870155914822924,0.3852435501116911,0.33252203746525605
64,2,0.5354212348715116,0.7919828339127537,0.651186937008572
64,3,0.5438977828378329,0.8545408823419365,0.6817498744041429
64,4,0.5129078556386769,0.8039080332681194,0.6421298509446959
64,5,0.5055836880323894,0.8206561043307218,0.6441353427920405
64,6,0.29315912035045455,0.6139036468873612,0.42423042453534004
64,7,0.2766506400129039,0.3575050247173805,0.31449005373126243
64,8,0.28176194892456863,0.4231089109976113,0.3452766881358178
64,9,0.2743096003147916,0.38397110059177864,0.3245411516830515
64,10,0.2862571017650988,0.40186448071525277,0.3391704019396219
64,11,0.29502587421850296,0.5062293119224183,0.38645924145366567
64,12,0.29633824197099784,0.4946351388742138,0.38285677148388647
64,13,0.3077778991985655,0.4800357264317196,0.384375321035849
64,14,0.3140805349613422,0.33933354224702256,0.32646295422187194
64,15,0.31846554735094845,0.3954831423450243,0.35489118810556736
65,2,0.48980025532212,0.8359681116955374,0.6398885797930955
65,3,0.552338316877452,0.9163751444548077,0.7114415681674079
65,4,0.55384753343712,0.8808147501069712,0.6984533461597698
65,5,0.500541476782803,0.8731444913315525,0.661093815684177
65,6,0.3404104250010864,0.6454837296512979,0.46875301678163594
65,7,0.3483924850327469,0.7050101252332569,0.49560087722204693
65,8,0.29319245312964765,0.4646949477059202,0.3691138735876126
65,9,0.2915191578291144,0.4544343510301754,0.3639729650687491
65,10,0.2881483448379296,0.37870339722988483,0.3303373383320334
65,11,0.2976784540648789,0.35609857709371023,0.3255808254857137
65,12,0.29525788715779716,0.4588473330273749,0.36807376173486317
65,13,0.31449601658357895,0.5249119799998232,0.40630373708217804
65,14,0.32448642980841336,0.3900770315103017,0.35577338757282245
65,15,0.2943847108672357,0.2932314842274281,0.293807531730318
66,2,0.5380176031096782,0.6749610200764709,0.602611740853102
66,3,0.554669814810823,0.8169838123641635,0.6731688197677241
66,4,0.5142324630753676,0.860361540204827,0.6651509858331754
66,5,0.29331457950702733,0.48151575006419167,0.37581323786701454
66,6,0.31094473053798566,0.2906935669488076,0.30064868674920714
66,7,0.32921968021610964,0.2978930418210054,0.3131648958087665
66,8,0.3332764873406064,0.41246455106273244,0.37076237232317366
66,9,0.32722355939311715,0.47816980900521505,0.3955609016283251
66,10,0.30535487941021666,0.3788870364846931,0.34013968503524816
66,11,0.28063697704626006,0.3882010462333082,0.330066005673276
66,12,0.2747975671976347,0.3733702799998828,0.32031429035849696
66,13,0.29656409314069004,0.3777137183541528,0.3346884018762786
66,14,0.28692254992434074,0.2707658794252865,0.2787271722620703
66,15,0.2645756227878275,0.28029421732510484,0.2723215325908259
67,2,0.5271431403507074,0.8381209477008232,0.6646876773077135
67,3,0.5689226620297774,0.856374667019706,0.6980049822570863
67,4,0.5767477991627892,0.7810397543297151,0.6711653740832498
67,5,0.48923052813182966,0.8729012409336571,0.6534905776741563
67,6,0.2954586089510132,0.624700645514765,0.42961981301447505
67,7,0.301362437546721,0.654380113917815,0.4440783559377485
67,8,0.29656109829820515,0.6042246561908562,0.42330784029925045
67,9,0.30361659791286594,0.4219646422651959,0.3579322130293365
67,10,0.30160393098317845,0.4046795381587665,0.34936075838184966
67,11,0.3074463982858047,0.49396468013010286,0.3897020166568294
67,12,0.31492206150588486,0.4984875450901121,0.39621297976566316
67,13,0.32264339623643706,0.5091288866805785,0.4052987455207553
67,14,0.3184130025487218,0.3367363752395832,0.32744654572526605
67,15,0.32308675595860603,0.3846440782003544,0.3525243359322032
68,2,0.5666710793272335,0.7839909289817776,0.6665320591755991
68,3,0.554712032374915,0.746839377424397,0.6436464782073336
68,4,0.5498306298569451,0.7817339838021462,0.655607572176003
68,5,0.5475715157486112,0.8188971263118205,0.669630301507291
68,6,0.33759669063558445,0.5387624438960641,0.42647909456156347
68,7,0.34232655501164655,0.5257125241496549,0.4242232399558379
68,8,0.3201948166774248,0.3728668932662364,0.34552864792150517
68,9,0.32448609853124377,0.4093068308714799,0.3644370681635914
68,10,0.324992970979267,0.4186123645611649,0.3688442436142782
68,11,0.2663050453778775,0.4106339460659501,0.33068699950374486
68,12,0.2636395610917084,0.32322478456587855,0.2919158103579013
68,13,0.2742917860625147,0.2615844708824667,0.2678627852550064
68,14,0.26870550694192774,0.349957956471681,0.30665229511954434
68,15,0.2833404807491278,0.5042039745437893,0.37797010006461923
69,2,0.5248125707796761,0.9727000128233293,0.7144824660740355
69,3,0.5401861162103424,0.8569019852063715,0.680357667232142
69,4,0.5217205664598366,0.8161147962316327,0.6525211673089398
69,5,0.34068912259099404,0.5090794767470095,0.41645868974247735
69,6,0.3131098389611222,0.3138430239862516,0.31347621711926865
69,7,0.303070773634358,0.34688354121901743,0.32423797309734304
69,8,0.27074425559502346,0.32183981585094756,0.2951885522228195
69,9,0.28312144014543006,0.44444055540490573,0.354726162138165
69,10,0.2885720857486872,0.44733319075539457,0.35928800687039303
69,11,0.2822733697505389,0.3783581031491322,0.3268033303813282
69,12,0.2663603466491479,0.383047269416244,0.3194191657755062
69,13,0.26319060070344136,0.3710084171224577,0.3124834846331764
69,14,0.2831771086820013,0.2998990973897147,0.291418186280749
69,15,0.28265146459136886,0.337376531887252,0.30880409786252583
70,2,0.49662938317949007,0.8667695236587629,0.6560969546442292
70,3,0.5466306053346992,0.8923306750533528,0.698409090049045
70,4,0.48687156307745216,0.8535876044904437,0.6446607877184717
70,5,0.49242906961610966,0.8222467460725111,0.6363161165359245
70,6,0.5007794813058039,0.42503485049876033,0.46135532073409435
70,7,0.32413065669691143,0.5522902851081515,0.4231007123598702
70,8,0.33611730678051044,0.6242469292096741,0.4580613459046284
70,9,0.33920881879851794,0.5777382525927368,0.4426894060588101
70,10,0.28229636567439254,0.34498636882104194,0.31207114273092557
70,11,0.2958656283210068,0.41731201840539534,0.35138053806581243
70,12,0.2867905267758924,0.43207723795533803,0.3520165602369923
70,13,0.309557014857002,0.41847175725105323,0.35991786281956056
70,14,0.2878352140539923,0.3112981446863831,0.299336880638547
70,15,0.30928053595898436,0.4026990799645753,0.35291215235754314
71,2,0.4933088146851847,0.7713077792230961,0.6168410867687136
71,3,0.5114615106363554,0.858576343437062,0.6626679059762575
71,4,0.47164360059231897,0.8411444243231887,0.62985743220664
71,5,0.2823364962774998,0.4082014076117293,0.33948513251781615
71,6,0.2953742932093287,0.25882382274822885,0.2764957571283774
71,7,0.30995316342497786,0.3774201645550985,0.34202715381125587
71,8,0.3198479168193352,0.4123173693969846,0.363151279317661
71,9,0.33065633436939396,0.39323478860740485,0.36059059020923995
71,10,0.3323578911820525,0.3545450773794776,0.3432722742180335
71,11,0.334795936038744,0.3863772667554519,0.3596630905270695
71,12,0.31425098264884965,0.3724902541893198,0.34213364114935196
71,13,0.3210649555204932,0.37850395822560795,0.34860343732102733
71,14,0.30562393108954705,0.3498388876627676,0.326984917229357
71,15,0.3026143521972638,0.29762927119356497,0.3001114611226709
72,2,0.5331491125203967,0.8651285535168841,0.6791483788713488
72,3,0.5233899415468097,0.7778286971775545,0.6380499324889797
72,4,0.5542207789067891,0.8193135580597931,0.6738550276704859
72,5,0.5557785069939968,0.8360688321954646,0.6816664047038036
72,6,0.30739202551008415,0.6733699748327149,0.4549599548108631
72,7,0.28993196746795097,0.6022268658378098,0.41785741596196896
72,8,0.3041977996375307,0.5718797290954962,0.41709058398405147
72,9,0.2945612110755493,0.36356323000042523,0.3272485681121672
72,10,0.3020072607464462,0.3406216531327381,0.3207338653986267
72,11,0.307201257001245,0.4743375559744562,0.3817290838254945
72,12,0.29114706854693245,0.4475493775280243,0.3609746380250123
72,13,0.29821334859019855,0.4305587059323368,0.35832715981452584
72,14,0.29895423414714034,0.27494529675736484,0.28669855357928864
72,15,0.30240914030157323,0.3819177980581371,0.33984619017524836
73,2,0.5348823673967479,0.8134967850472741,0.6596401187433412
73,3,0.506511414283351,0.6467048193150842,0.572331523380586
73,4,0.5257237276420683,0.8236744353025531,0.6580464987299407
73,5,0.3641734404520093,0.5414850699823539,0.4440658519734104
73,6,0.3660160868690656,0.3953828120444315,0.38041617957151885
73,7,0.3723333361168218,0.4472231569623666,0.40806383081632586
73,8,0.377728766283809,0.43019927308629236,0.4031112013813021
73,9,0.3387620806292865,0.40501074382379176,0.37040826429085333
73,10,0.3845702154937797,0.4632995407323491,0.42210330988705674
73,11,0.35629727465668903,0.41482216423071844,0.38444766429592786
73,12,0.2833508116606599,0.35182014467772366,0.3157348944177754
73,13,0.29281004708329617,0.45249606914913953,0.36399916938444515
73,14,0.279962878869154,0.3573358176834379,0.31629221337509783
73,15,0.28771420651425994,0.35962346542641455,0.32166563384836316
74,2,0.5124327228071257,0.8933912023802862,0.6766113259232822
74,3,0.5609590583193554,0.8284220499666168,0.681697039043198
74,4,0.5070117230568671,0.7679434224418508,0.6239842288250804
74,5,0.47465280321328895,0.7812963293667328,0.608970026252666
74,6,0.3642318433692166,0.5176024757867088,0.4341973098583906
74,7,0.3413731471092453,0.5989811687023928,0.4521903212355497
74,8,0.38670380499420365,0.525625434065532,0.4508451567388421
74,9,0.2915202767413228,0.4911459076074086,0.3783899984223683
74,10,0.2949207424561616,0.4357852161185805,0.35849979008238014
74,11,0.2745076312402959,0.39213634117831364,0.3280920878962115
74,12,0.28122214529241063,0.3381778840867741,0.3083879213804114
74,13,0.281603577581219,0.4664288986233509,0.36241971047337274
74,14,0.2789289421988994,0.3993574116250079,0.333754910651295
74,15,0.28303485380465565,0.44427917594613386,0.35460751770424564
75,2,0.49674013762900016,0.7759070309137402,0.6208253903662448
75,3,0.5299627486601647,0.7795605299914571,0.6427581514234163
75,4,0.5492860632960767,0.7456631355159213,0.6399862250490626
75,5,0.5158095599634355,0.8104605493539515,0.6465626801246619
75,6,0.4389995020218681,0.44210196225324744,0.440548001098707
75,7,0.37933976243434403,0.6107804584321384,0.4813453167957356
75,8,0.3255543411352104,0.5446626077905871,0.421090579828438
75,9,0.3250284672338944,0.550547344799981,0.42301720960266875
75,10,0.2867192286427472,0.5443833839816887,0.39507617485892293
75,11,0.28512824023787936,0.47500158286276756,0.36801680047501656
75,12,0.27771319015351625,0.37119451285109795,0.3210694820928311
75,13,0.31684824436070724,0.592751411020418,0.4333731001390735
75,14,0.2821388856729521,0.3409931582432134,0.31017322529328806
75,15,0.2764069681991151,0.3530005230223308,0.31236485772459166
76,2,0.5082591958163103,0.7320643105217748,0.6099823093759514
76,3,0.5027408310200304,0.6698846531020909,0.5803260869443231
76,4,0.49454376120554855,0.8045123934899463,0.6307666644750627
76,5,0.4428929244703238,0.6875462825412546,0.5518236890378989
76,6,0.3207655271271662,0.5083892722738836,0.4038239132428003
76,7,0.27984157245836516,0.5482992505883719,0.39171025575339896
76,8,0.27599861841047424,0.3633781542984629,0.3166889144680058
76,9,0.3474019400731746,0.4523136125768207,0.3964021020765326
76,10,0.27212196883952045,0.4062974917611175,0.33250935835340656
76,11,0.28085387522610844,0.4452480595763924,0.35362358938415717
76,12,0.30448744095242497,0.36278896914407577,0.33236227947895636
76,13,0.300048396362928,0.3374492636804491,0.31819979638769347
76,14,0.2878590766734509,0.3103337707243599,0.29888525005644667
76,15,0.3081482033554035,0.4130171084483112,0.35674988426542054
77,2,0.48246654615600315,0.7965191684934889,0.6199143910009713
77,3,0.5219352488290768,0.7013447161475962,0.6050260564119978
77,4,0.544124891200278,0.8609530947939893,0.6844457677809996
77,5,0.43391667530879185,0.7740065573451578,0.5795294229203678
77,6,0.27604772758244633,0.2415639480872915,0.2582308636382198
77,7,0.2861503456623403,0.3065019118332193,0.2961513599787174
77,8,0.28990707570635216,0.31125590728941954,0.3003918938297155
77,9,0.30589623778358593,0.45609677174907026,0.37352146731249536
77,10,0.30273738054376265,0.39486345846598037,0.3457454686448424
77,11,0.2899781252802064,0.41695719094175165,0.34771894476917736
77,12,0.2909753666020725,0.5003153913789294,0.38154875759612084
77,13,0.29007265785049524,0.419226526154982,0.34872073738624404
77,14,0.29336069151994304,0.2987033218994967,0.29601995384051477
77,15,0.27508475800363225,0.3068795733072732,0.29054757469214776
78,2,0.513053794856364,0.6665448286337686,0.5847848782008986
78,3,0.5449002963478987,0.783025394414916,0.6532004052850994
78,4,0.5015729748238753,0.8078416828665325,0.6365465859323199
78,5,0.5017737945148196,0.8247819989887814,0.6433148477068744
78,6,0.3044804953798458,0.5025423890907297,0.3911704942601328
78,7,0.33917781794891966,0.524319615886596,0.4217079359274987
78,8,0.30104126781893975,0.3827884385040442,0.339462983009473
78,9,0.2759761949673967,0.3208545463350648,0.297570524137626
78,10,0.285109729625661,0.3595617637896804,0.3201789456816322
78,11,0.2953015568623133,0.35205335429924495,0.32243123859695516
78,12,0.29533769258952536,0.35441700904251394,0.3235316084482272
78,13,0.29844408890391716,0.3844321515639334,0.3387203909109558
78,14,0.29052571690089113,0.26062857554060376,0.2751714079511023
78,15,0.3099065135586822,0.33947628388872625,0.3243546077610315
79,2,0.4888911079082354,0.7401473912494492,0.6015409197414033
79,3,0.5597221813735431,0.8223406667982718,0.6784410894488206
79,4,0.5728509788773911,0.8323832193342416,0.6905298994227075
79,5,0.5207908703062771,0.8572680738981829,0.6681746675018596
79,6,0.5364145172919381,0.4029828931276774,0.4649364194102154
79,7,0.3160217246163124,0.5622928426380239,0.4215409278704466
79,8,0.3229547151750315,0.6213704439840324,0.44796709115184574
79,9,0.31514379083624616,0.4896167657301503,0.3928099841006868
79,10,0.28101098625805615,0.3853270363977114,0.329060982995576
79,11,0.27886830069862883,0.3954028561831598,0.33206222699244503
79,12,0.27504325157296916,0.44006516124738837,0.34790365455606337
79,13,0.2971847170508926,0.48755684714705805,0.38065002780194795
79,14,0.3069292098192142,0.2985310484592521,0.30270100563113395
79,15,0.2882766190000146,0.3185149678016186,0.30301884102931476
80,2,0.5062441240009318,0.7176821685382622,0.6027622920544562
80,3,0.49631492240109454,0.7495039567152156,0.6099098278568936
80,4,0.47229475505100477,0.7782885507904076,0.6062850818340799
80,5,0.2862181622176335,0.42610718361210165,0.34922716818882726
80,6,0.2728075489615883,0.3595668484480171,0.31319730301033316
80,7,0.28681347076781616,0.6534339080281927,0.43291297864460465
80,8,0.29477997314860666,0.4121161293639514,0.34854494910701733
80,9,0.2924742912941018,0.3149643463637022,0.303511077204167
80,10,0.30602109594059984,0.30104821249296976,0.30352447004822725
80,11,0.31827480745516656,0.34791926164074144,0.3327670897319185
80,12,0.3312315675781547,0.31617782886229756,0.3236171779858361
80,13,0.3166373332624724,0.3403036379260957,0.3282572716824974
80,14,0.3152588350765799,0.26908168868503507,0.29125655308556253
80,15,0.2659082010131297,0.3128622901836717,0.28843135881451565
81,2,0.5243638410833474,0.8110786314969087,0.6521505245204852
81,3,0.4865454175893398,0.8255839577446885,0.6337855248236183
81,4,0.49248164714127035,0.8904638817048184,0.662221352103508
81,5,0.5062169320609871,0.911485250218306,0.6792711292145074
81,6,0.31700710628651807,0.3258873972379854,0.3214165844720194
81,7,0.32476723025696,0.28830160949939326,0.3059916913835107
81,8,0.33293221924417044,0.36238144905300984,0.34734487191570407
81,9,0.3016685335376408,0.5419960131628476,0.4043552181857977
81,10,0.30272928975275776,0.5239157138921207,0.39825197043689653
81,11,0.3130615987866184,0.5004277352717322,0.3958089272380489
81,12,0.3122323098353748,0.4930230043971351,0.3923489664379067
81,13,0.32495068622111556,0.47374192452141495,0.3923554045313327
81,14,0.32093933250936624,0.3347258989238194,0.32776013573070195
81,15,0.3284877567047877,0.4876140951061016,0.4002190153391494
82,2,0.5052099612766915,0.8420369645024973,0.652231141720364
82,3,0.5425635454299685,0.8852744622994537,0.6930495299354879
82,4,0.5296306107669211,0.8135442508569524,0.6564129328915488
82,5,0.5313851575950259,0.8518658077653645,0.6728066932702232
82,6,0.3551792085186303,0.4123491971777092,0.3826981336339013
82,7,0.29806592675302734,0.31045774720615166,0.30419874447252193
82,8,0.35450629913706827,0.431685939218871,0.39119737307654734
82,9,0.31194169086149737,0.5903682119281151,0.4291392061554561
82,10,0.3148068291631201,0.37159568576736285,0.3420246476017754
82,11,0.29428387684026847,0.344494648897397,0.31840103773111844
82,12,0.2814518914476246,0.36954579112078534,0.32250482459562346
82,13,0.29650382126436475,0.5516535391710742,0.40443464537330925
82,14,0.29475452960484516,0.30126293000779003,0.2979909616445162
82,15,0.3173812561861502,0.36904759133981824,0.34224083352502593
83,2,0.491005626311732,0.7488283486091504,0.6063653455704868
83,3,0.5052169091334933,0.7495449091886972,0.6153720519141721
83,4,0.4908058130469425,0.9018591063970514,0.665310222354199
83,5,0.5068435887258986,0.8850608256220339,0.669766679597439
83,6,0.2972775478776968,0.36328623448376246,0.32862872814934313
83,7,0.29643828965550173,0.4119371657261137,0.3494480631701714
83,8,0.2965186716355418,0.3666702984711682,0.3297341199070524
83,9,0.30455382451622415,0.4526750937977342,0.3713003246421156
83,10,0.2755371457830974,0.40200796309489123,0.3328184591233531
83,11,0.28969476883693185,0.443618425302341,0.3584884059070326
83,12,0.2947856780833336,0.37058960356696113,0.33052156900589774
83,13,0.2895767339520096,0.35817559984879943,0.32205484064910006
83,14,0.30755172493851685,0.3072455344247466,0.3073985915582361
83,15,0.2855360565686548,0.41451255850207724,0.34403238416298393
84,2,0.5176978938141519,0.8438149751197245,0.6609396609285316
84,3,0.5430721053225176,0.832212622005813,0.6722733526688898
84,4,0.5207277236399739,0.8701343436911805,0.6731293159945354
84,5,0.5205241463421479,0.891000732486527,0.6810193798033782
84,6,0.5214415446824936,0.40856658564117393,0.46156645406960206
84,7,0.40832714273672693,0.4629408910395178,0.434777335304131
84,8,0.31613447229802594,0.41889584966014937,0.36390578228456955
84,9,0.2991591853929106,0.47203590498811654,0.37578434881252076
84,10,0.29839222112072517,0.5005419237069212,0.38646838988324617
84,11,0.29910306403843245,0.5429598171555453,0.40299000603113055
84,12,0.28592007771878236,0.40921693915304236,0.34205750839073845
84,13,0.29093070721792585,0.45392670692303727,0.36340228104708344
84,14,0.301965470453846,0.38083835367375873,0.33911654727241597
84,15,0.27511142562342655,0.3446342598185758,0.30791690849539716
85,2,0.5261493359899819,0.8198908925118304,0.6567990930865643
85,3,0.5207215599510929,0.7534509621617085,0.6263690288986971
85,4,0.5300815991327079,0.8775367749636502,0.6820308621832966
85,5,0.5274153477998162,0.937850304846364,0.703304091211411
85,6,0.289609146863139,0.2828769791440214,0.28622327053739355
85,7,0.2950567037224289,0.46395858987298544,0.36999201638904233
85,8,0.29865736403670917,0.4963889237657716,0.38503273563283463
85,9,0.2983458090932111,0.4353601596266106,0.36039961025332795
85,10,0.2979741897126064,0.41230816470290743,0.35050990184193187
85,11,0.30897985772000414,0.37236467429301284,0.3391949057444861
85,12,0.3158194473493589,0.4098677722468597,0.3597835645458477
85,13,0.3101728167057359,0.3958867519567642,0.3504187622701081
85,14,0.30492984014980046,0.3686052629056332,0.33525921895779376
85,15,0.3065196451909472,0.36475803394018597,0.3343732990893461
86,2,0.5133626803586594,0.6665448286337686,0.5849608874161031
86,3,0.5399432466457781,0.8443827285713236,0.6752175589218791
86,4,0.493580421861421,0.8040035060894601,0.6299526884724735
86,5,0.505937193135834,0.7727000495087373,0.6252501053053654
86,6,0.3628961035939767,0.40049137844138866,0.3812305873868999
86,7,0.2848844055319639,0.5911948094920455,0.4103927166211945
86,8,0.2937217265623498,0.5798466663654507,0.4126906395670769
86,9,0.30423265835680297,0.5705816632953497,0.41664082401271063
86,10,0.28074480734611856,0.4467111927379045,0.3541353522942292
86,11,0.28344944941190636,0.43372217936783736,0.3506256022305639
86,12,0.2681801231084756,0.4291457142447816,0.3392467398187346
86,13,0.2812298429594369,0.3585297519042343,0.3175362433239924
86,14,0.29956891580516704,0.35599504348179967,0.3265655358543764
86,15,0.2947512870320003,0.4340171280183654,0.3576689909362365
87,2,0.5089538870670258,0.8667695236587629,0.6641880142379579
87,3,0.5276018561942973,0.8218682821122054,0.6584977078089324
87,4,0.5316278136590046,0.8815739953205453,0.6845942270505171
87,5,0.5206920945312591,0.8289338679232242,0.6569774059409058
87,6,0.2864055613346354,0.44535568622306543,0.35714471199541625
87,7,0.301326035693069,0.4377673150770684,0.3631951123131638
87,8,0.30071996466266815,0.4306845390803725,0.3598825355209768
87,9,0.25340137748974634,0.32594493880139574,0.2873932784149357
87,10,0.2639362668266685,0.39631147917314596,0.3234207357506861
87,11,0.2692026111015397,0.36298712503578556,0.31259731581681016
87,12,0.28893526739877934,0.44708858455659545,0.3594157199258286
87,13,0.2822643739808396,0.2689997020614896,0.27555223189700123
87,14,0.28828811401559623,0.27047688387331636,0.27924052488249945
87,15,0.2924797021676385,0.2558898520130566,0.27357373357926723
88,2,0.4886823290291443,0.8157659548017495,0.6313876833889006
88,3,0.5356388318376263,0.8162902214322589,0.6612387924558363
88,4,0.5110714782531341,0.8458534748306471,0.6574888483976356
88,5,0.5133633441211304,0.8446901226505918,0.6585081215216678
88,6,0.2765251031322994,0.48349867099576127,0.3656494494203876
88,7,0.27143636080418837,0.39415980652614385,0.32709219412688445
88,8,0.27418252211815586,0.4335163704985845,0.3447645745183382
88,9,0.2746119166489918,0.3648457990211094,0.3165296260234099
88,10,0.2936561000661181,0.546975817017415,0.400777725498577
88,11,0.29546044180400344,0.49882124988015425,0.38390356454559726
88,12,0.3091566540324346,0.48032003825017716,0.3853493686126341
88,13,0.30147523659283787,0.5607477980703821,0.41115881979130803
88,14,0.2840063574691034,0.4668111345562661,0.3641116998276005
88,15,0.24915315365509194,0.3216471047048186,0.2830890151546596
89,2,0.5047317440616315,0.7985752651497127,0.6348750163169867
89,3,0.5278087892517951,0.7556313650483623,0.6315289984686826
89,4,0.5215645844817619,0.8513295591693805,0.6663507693289019
89,5,0.5234133677112108,0.8588287894240597,0.6704643681507537
89,6,0.5133660122591003,0.40700550974947286,0.4571026093860866
89,7,0.3089408279911878,0.6051619672112911,0.43238783426344496
89,8,0.30642471764944795,0.6001974189211761,0.42885350019190566
89,9,0.29300242675046,0.38275086874089803,0.33488346238942573
89,10,0.29503779434191674,0.34848353852189096,0.3206490520334733
89,11,0.2997659959801209,0.3029738963866004,0.3013656778837086
89,12,0.3002351817154499,0.41892829930719083,0.35465055204840557
89,13,0.3057339800646987,0.35367416752306197,0.3288315843754896
89,14,0.30506517425302865,0.3297489117123882,0.31716700523743996
89,15,0.3029674714962579,0.29470593073728685,0.2988081502744313
90,2,0.5166051432867873,0.8217615325556461,0.6515567774749024
90,3,0.5204969899831828,0.7604468076092857,0.6291345439593615
90,4,0.5640136014133728,0.7531823244443926,0.651770722977626
90,5,0.5329014535771079,0.8155767329477375,0.6592586946650898
90,6,0.32354994526696623,0.5950282740732387,0.4387725669509134
90,7,0.3283864867062415,0.6784447145134401,0.47200855524395696
90,8,0.3291510397879713,0.6518590556162235,0.46320631035348053
90,9,0.29750212015309513,0.5678498390264645,0.41101889377371326
90,10,0.29720890799073035,0.5847059316969578,0.41686905792509404
90,11,0.30410584553562775,0.4823074635166107,0.38297848373095694
90,12,0.30341318571361053,0.5255649473381535,0.3993286052504567
90,13,0.30572957476847473,0.48000433278670374,0.38308161082190356
90,14,0.304758946278477,0.3714133266274631,0.33643949538775836
90,15,0.30108325663852953,0.3724763256040584,0.3348826438226132
91,2,0.5512686434034705,0.8401413065154839,0.6805465144352809
91,3,0.5512065884249543,0.7999087786938498,0.6640142987579475
91,4,0.5168494755056026,0.8175615265594968,0.6500432648646055
91,5,0.28405964354509416,0.4547824929103166,0.35942363977158465
91,6,0.31026648611992697,0.5736936179563518,0.421897976947917
91,7,0.2896205750846133,0.46392984304191104,0.36655644577706264
91,8,0.2881419068719358,0.4127272611095597,0.34485362117011314
91,9,0.2858280132934502,0.34064426456855124,0.3120347310499865
91,10,0.29182978228146467,0.3655123287975149,0.32659972953780886
91,11,0.3179317241848783,0.4035927906034399,0.3582107644741266
91,12,0.288650144977253,0.3983483686730232,0.33909189664296074
91,13,0.32372755236421125,0.4000542169602563,0.359872994915602
91,14,0.32140366315152696,0.35526952572662596,0.3379126025685388
91,15,0.27226126479040696,0.2998871441921207,0.2857405347026038
92,2,0.5162262739245836,0.7985752651497127,0.6420634965301895
92,3,0.5282685356233467,0.7714196780746353,0.6383703812736938
92,4,0.4953904101347743,0.8133040340269531,0.6347464210067503
92,5,0.47502403717443914,0.8692006529838752,0.6425661081126666
92,6,0.48584986834869376,0.4173348460960116,0.4502911058782636
92,7,0.4805341413369457,0.4538914998899857,0.4670228711313533
92,8,0.27282164188877056,0.3176808563623731,0.2943980516739425
92,9,0.29950868084445126,0.6033877577891764,0.4251115987280605
92,10,0.3003461507107434,0.40325736582714844,0.3480183868302623
92,11,0.3002230672707653,0.40434954182442034,0.3484179382524041
92,12,0.3057811300677774,0.4136940613688546,0.3556681565556534
92,13,0.3046281258912221,0.41350430950622086,0.3549155432674426
92,14,0.30837348272352605,0.3417561015734705,0.3246359796514031
92,15,0.30596017265030057,0.39880836522266877,0.3493128630295653
93,2,0.49878390698783615,0.8454817435747431,0.6493940924793651
93,3,0.542994030026748,0.8237363668347601,0.6687928898449789
93,4,0.5572866052337319,0.7848132754098656,0.6613364695792375
93,5,0.4751834998436518,0.77125515201109,0.6053822944264867
93,6,0.3694445985300381,0.4093964406920081,0.38890783441721183
93,7,0.361336438597615,0.4361241935235357,0.3969730001826968
93,8,0.367488889805969,0.44058175238500824,0.4023790489733965
93,9,0.327715199120327,0.5365537616463658,0.4193290150188742
93,10,0.29168788787488686,0.5472203733295473,0.39952165760894953
93,11,0.2915084367436162,0.3244467613921084,0.307536937976469
93,12,0.2769679375552207,0.36698067118151073,0.3188132362681538
93,13,0.2705254444305125,0.3221551702949157,0.29521377105348506
93,14,0.2799735623595666,0.3219525698994187,0.30023025814457416
93,15,0.26836183449244394,0.38343323962604076,0.32077850238353744
94,2,0.5232870184149965,0.8110786314969087,0.6514805590162557
94,3,0.5583829357158313,0.8903664859827817,0.7050996045283632
94,4,0.5311700205035105,0.83897324754702,0.6675608115381305
94,5,0.5271615722948421,0.8842368825318718,0.6827413165149675
94,6,0.32144965083438803,0.6142324475239118,0.44434761818615953
94,7,0.33584028842343094,0.6274251573672746,0.4590366497506948
94,8,0.3400973123908707,0.5701785575506838,0.44035916591560914
94,9,0.3113262593561537,0.4948266169321729,0.3924952479704102
94,10,0.26426431837553027,0.40200577597825704,0.32593831068458373
94,11,0.3261633735746268,0.6489709987973307,0.46007670047485827
94,12,0.271397671763611,0.3980928351145487,0.3286966209072792
94,13,0.2814079521284679,0.44385399463126357,0.353417661801478
94,14,0.2593238747522018,0.4119325431362432,0.3268393232501547
94,15,0.2763231050998541,0.39714073389471793,0.33126901568275796
95,2,0.49095972764786416,0.7488283486091504,0.6063370037265978
95,3,0.537462420214243,0.7658382574506283,0.6415678322220287
95,4,0.5172130512544704,0.844226249174002,0.6607910670434357
95,5,0.27317354355837625,0.4455720436857683,0.34888177665820974
95,6,0.26239661098795,0.2612378330251902,0.2618165809257425
95,7,0.3006129772454694,0.5435639897678389,0.40423061399099397
95,8,0.28241280810410696,0.47237222128191036,0.36524507591834676
95,9,0.2777309382166782,0.4308120646832299,0.34590437828905507
95,10,0.2887170458650076,0.3879586060917415,0.3346793430564751
95,11,0.2837691522861484,0.37644362571959283,0.3268380157722981
95,12,0.29456706264217825,0.4022610933124385,0.34422793127850065
95,13,0.2967445676191109,0.3879040054756235,0.339276297997053
95,14,0.2907201144320889,0.29042547066612934,0.2905727552026349
95,15,0.29451721914457657,0.3684407770256672,0.3294118289756251
96,2,0.5553444080133177,0.7240031689156443,0.6340907752374455
96,3,0.5558204982530955,0.7633110019353878,0.6513554340126417
96,4,0.49015595070984624,0.7393587570102925,0.6019975867543242
96,5,0.3217099506267821,0.3745388289792097,0.3471208264836818
96,6,0.3285077416807501,0.477597221245963,0.39609895807047113
96,7,0.32888849253125796,0.4619577972204744,0.38978533007400673
96,8,0.3169778218125338,0.4839896305347159,0.39168096566816624
96,9,0.3199659671241519,0.43143023066133246,0.37154137185534153
96,10,0.3280399930949237,0.5093930292659077,0.40878024145375547
96,11,0.29913664589708766,0.3835611595569173,0.33872879825349056
96,12,0.3163629953427627,0.3797105202691184,0.34659249494975664
96,13,0.32790183169459325,0.530574803340406,0.41710484277495236
96,14,0.30760349128787223,0.29324239064519486,0.30033711584828143
96,15,0.3109308111286515,0.32079157548671416,0.3158227109777289
97,2,0.5218856927906537,0.7461189924785645,0.6240102781957523
97,3,0.5512461412260281,0.7505483598828843,0.6432238235551947
97,4,0.5645712934090305,0.8489391713054264,0.6923053415722683
97,5,0.5335828306354097,0.8908026197854095,0.6894323631818696
97,6,0.5318383302116343,0.3843774637100893,0.4521356748483324
97,7,0.5096099774831915,0.42172471189206084,0.4635893882860333
97,8,0.25643814463822523,0.5116932808398386,0.3622398039454175
97,9,0.27209273913212395,0.2762134157000132,0.2741453352929
97,10,0.27689400410849657,0.3823453490931426,0.32537537500963587
97,11,0.2780483719745133,0.44564856356771715,0.35201116114802977
97,12,0.26763954883310415,0.43261225021343097,0.3402706973378646
97,13,0.2742346595694783,0.46120793247347225,0.3556391434482509
97,14,0.2823636339824084,0.3613908347028633,0.3194426855863761
97,15,0.29429264010231565,0.39374083186065584,0.3404042140226151
98,2,0.4972010822284207,0.7687731620569586,0.6182514441251915
98,3,0.5448976161003263,0.8248276218839843,0.6704077899743441
98,4,0.5217826890451277,0.8558873482842033,0.6682718025679636
98,5,0.5331181061068401,0.8631502135419188,0.6783516839583892
98,6,0.27840240680006095,0.2831866882976047,0.2807843578189351
98,7,0.28607304974144643,0.3092556620563499,0.29743858255826555
98,8,0.29425619155508226,0.4594370772579996,0.36768492573552297
98,9,0.28282585372073876,0.3462598652807343,0.31293967790494653
98,10,0.28733318310256917,0.3239679464802584,0.3051011984332009
98,11,0.31950527080110974,0.31819778464097176,0.31885085753378
98,12,0.31424317999040124,0.27344838656720705,0.2931369825834394
98,13,0.31758378447044583,0.3074855785250306,0.3124938938572459
98,14,0.30355139311194845,0.3051984205690011,0.3043737927931487
98,15,0.30251113544023134,0.29714909841022147,0.2998181301307797
99,2,0.530440049038355,0.9180842134857149,0.6978457101843517
99,3,0.5682637513301632,0.7853440746128328,0.6680438383253033
99,4,0.5410378002737524,0.8040146535949866,0.6595470563719427
99,5,0.46808936154064473,0.8160782925815309,0.6180595173133961
99,6,0.4133015106131249,0.4560285787348524,0.43413972459781985
99,7,0.30106271492725334,0.3905548887898629,0.34290161146776144
99,8,0.31536128120452095,0.5711698538782386,0.4244111884769773
99,9,0.31768775472848965,0.5511172815841101,0.4184294585453141
99,10,0.2992384962021305,0.5684201152919567,0.4124235450492694
99,11,0.30542032957305365,0.5500078027916655,0.40985798076453456
99,12,0.3069939580107174,0.5387438267896154,0.40668304579854864
99,13,0.3061758022000738,0.5600752412868073,0.4141032314452377
99,14,0.2898992731442569,0.3141567798160763,0.3017843967504299
99,15,0.2849717401410813,0.4625472635470214,0.3630604613428596
