metric,a,b,pearson,spearman
order share,2017 H1,2017 H2,0.9679025873609293,0.93448912678779
order share,2017 H1,2018 H1,0.9759974890200952,0.956338726968635
order share,2017 H1,2018 Jul–Aug,0.9512139151595378,0.9280621664421717
order share,2017 H2,2018 H1,0.9665389563989779,0.9375285536089365
order share,2017 H2,2018 Jul–Aug,0.9441146874395894,0.9199461620104395
order share,2018 H1,2018 Jul–Aug,0.9637079639247199,0.9519659538406613
order share,all weeks,without spike weeks,0.9988811129654712,0.9967490354045492
order share,odd weeks,even weeks,0.9845222600155126,0.9658442690169583
mean order value,2017 H1,2017 H2,0.0377564148057549,0.1386031723128614
mean order value,2017 H1,2018 H1,0.04053691470307428,0.13830686303812342
mean order value,2017 H1,2018 Jul–Aug,0.08675219776213143,0.18559524668391275
mean order value,2017 H2,2018 H1,0.10544138316305258,0.2554400919209764
mean order value,2017 H2,2018 Jul–Aug,0.21731658005476737,0.2895384210446394
mean order value,2018 H1,2018 Jul–Aug,0.04685226907032924,0.1317997985432348
mean order value,all weeks,without spike weeks,0.9316620180510504,0.9552214252813056
mean order value,odd weeks,even weeks,0.17952443165641588,0.24858904338406876
mean installments,2017 H1,2017 H2,0.17307159039788797,0.2368722627635008
mean installments,2017 H1,2018 H1,0.35649315629586503,0.3057288201950231
mean installments,2017 H1,2018 Jul–Aug,-0.03559370563873723,0.07912543370162954
mean installments,2017 H2,2018 H1,0.2523970569672939,0.33166927980042726
mean installments,2017 H2,2018 Jul–Aug,0.20892178812420054,0.2891722389314822
mean installments,2018 H1,2018 Jul–Aug,0.1814108637904289,0.16767080853076005
mean installments,all weeks,without spike weeks,0.9632573840512233,0.9452439539054194
mean installments,odd weeks,even weeks,0.3060260435981799,0.2844986529425833
