week,orders,corr_with_other_weeks,spike_week
2016-10-03,256,0.48764906716689005,False
2017-01-23,350,0.5905885048922305,False
2017-01-30,449,0.6667995021598391,False
2017-02-06,529,0.7777825251782313,False
2017-02-13,393,0.6314430474880861,False
2017-02-20,369,0.6778338372389998,False
2017-02-27,477,0.6453891443956669,False
2017-03-06,566,0.7424741867681423,False
2017-03-13,609,0.7792125526875372,False
2017-03-20,635,0.7482971487156201,False
2017-03-27,558,0.7239064325860171,False
2017-04-03,580,0.7223969684467141,False
2017-04-10,437,0.7343199622797429,False
2017-04-17,563,0.6706404021067909,False
2017-04-24,665,0.7800889648697354,False
2017-05-01,777,0.776047514005071,False
2017-05-08,779,0.7606541142372074,False
2017-05-15,932,0.7440432385405995,False
2017-05-22,772,0.7664222033803139,False
2017-05-29,820,0.7864127163327312,False
2017-06-05,834,0.8159260281869025,False
2017-06-12,741,0.794343819306029,False
2017-06-19,655,0.6874359313353923,False
2017-06-26,719,0.6376238847836909,False
2017-07-03,813,0.8208050437283732,False
2017-07-10,942,0.8446267966894621,False
2017-07-17,948,0.8108260314032849,False
2017-07-24,914,0.7796467443928993,False
2017-07-31,970,0.8471607082285745,False
2017-08-07,921,0.8031976229440569,False
2017-08-14,1028,0.8168566125512393,False
2017-08-21,882,0.7852193354852872,False
2017-08-28,1001,0.8254404016753946,False
2017-09-04,892,0.7940286930142381,False
2017-09-11,1150,0.8384851227061869,False
2017-09-18,978,0.8014057026565862,False
2017-09-25,948,0.813328657836969,False
2017-10-02,987,0.8046760158676107,False
2017-10-09,1047,0.8543266801416866,False
2017-10-16,1125,0.8147475539373712,False
2017-10-23,962,0.8312067633710524,False
2017-10-30,917,0.793846496225666,False
2017-11-06,1192,0.8449861754929694,False
2017-11-13,1283,0.5616120715340862,False
2017-11-20,2973,0.3922605164108554,True
2017-11-27,2077,0.8664652725464498,True
2017-12-04,1663,0.8473293014917531,False
2017-12-11,1396,0.8398365755905791,False
2017-12-18,970,0.8029015869543207,False
2017-12-25,872,0.7599188783255812,False
2018-01-01,1371,0.7379078496635607,False
2018-01-08,1771,0.8926242752581376,False
2018-01-15,1734,0.8915468827314452,False
2018-01-22,1566,0.8985103817556164,False
2018-01-29,1571,0.8634442530259221,False
2018-02-05,1553,0.8683837027734294,False
2018-02-12,1611,0.8184375289032277,False
2018-02-19,1735,0.9105156737004675,False
2018-02-26,1881,0.8832716610600375,False
2018-03-05,1633,0.7882167204072118,False
2018-03-12,1589,0.833310752796926,False
2018-03-19,1708,0.8920006727962358,False
2018-03-26,1464,0.8664257143093365,False
2018-04-02,1586,0.8790344935273415,False
2018-04-09,1551,0.8592457220899111,False
2018-04-16,1665,0.8844049037701347,False
2018-04-23,1670,0.8779892375850833,False
2018-04-30,1762,0.8674217020092575,False
2018-05-07,1971,0.8838502665623633,False
2018-05-14,1830,0.7700651843915183,False
2018-05-21,946,0.7814918519718381,False
2018-05-28,1081,0.7778459709628086,False
2018-06-04,1433,0.8778794954327653,False
2018-06-11,1512,0.8617570050410732,False
2018-06-18,1451,0.8688708874095905,False
2018-06-25,1393,0.8678515468287639,False
2018-07-02,1188,0.822028131065701,False
2018-07-09,988,0.768442932523391,False
2018-07-16,1666,0.874317676372778,False
2018-07-23,1634,0.8137330025576935,False
2018-07-30,2030,0.6934826431146761,False
2018-08-06,1961,0.9063644037006335,False
2018-08-13,1852,0.8747992872671784,False
2018-08-20,1058,0.7748156892073546,False
