category,orders,items_per_order,q1,median,q3,mean,freight_mean,mean_to_median
bed_bath_table,9399,1.1806575167571018,54.9,88.0,135.0,110.22066815618683,21.7493424832429,1.2525075926839413
health_beauty,8800,1.0947727272727272,49.49,84.99,150.0,142.69262840909093,20.67848295454546,1.678934326498305
sports_leisure,7673,1.1195099700247622,49.9,89.9,143.0,127.68681350188976,21.83027629349668,1.4203205061389295
computers_accessories,6654,1.1693718064322212,41.9,85.95,149.9,135.90652539825672,22.034800120228432,1.5812277533246855
furniture_decor,6425,1.2915175097276264,49.9,79.9,139.8,113.22413229571985,26.795484824902722,1.4170729949401732
housewares,5847,1.1826577732170345,38.17,69.0,129.0,107.20468616384471,24.834845219770823,1.5536911038238364
watches_gifts,5604,1.0653104925053534,78.0,139.9,219.9,213.80892398286937,17.863536759457528,1.5282982414786945
telephony,4183,1.0822376284962945,21.99,29.99,49.99,77.06015778149654,16.964709538608652,2.5695284355283943
auto,3872,1.0857438016528926,39.99,89.9,166.9,151.4942484504132,23.765730888429754,1.6851418070123827
toys,3855,1.0591439688715953,49.9,87.99,139.9,124.46395330739301,19.96750972762646,1.4145238471120924
cool_stuff,3616,1.0450774336283186,72.99,129.99,199.0,171.6732549778761,23.040860066371682,1.3206650894520815
garden_tools,3505,1.2348074179743225,49.91,85.5,126.99,137.23536091298146,28.10706419400856,1.605091940502707
perfumery,3146,1.0813731722822633,54.9,92.99,160.65,126.06462492053402,17.158664971392245,1.3556793732716854
baby,2868,1.0610181311018132,48.9,79.9,149.63750000000002,143.06562064156208,23.712622036262204,1.790558456089638
electronics,2543,1.0833661030279198,14.9,21.9,59.9,61.76938261895398,18.22148250098309,2.8205197542901366
stationery,2299,1.0896041757285777,49.9,79.0,125.9,99.86682905611134,20.251561548499346,1.2641370766596371
fashion_bags_accessories,1858,1.0898815931108718,34.9,49.9,79.9,81.60535522066739,16.852534983853605,1.635377860133615
pet_shop,1706,1.1383352872215708,54.105000000000004,95.0,129.99,125.30283118405627,23.10101406799531,1.3189771703584872
unknown,1437,1.1057759220598469,39.9,89.9,139.77,124.26760612386916,19.45145441892832,1.3822870536581664
office_furniture,1272,1.328616352201258,124.99,159.99,229.99,215.07916666666668,53.84616352201258,1.3443288122174302
consoles_games,1054,1.069259962049336,29.99,68.0,150.0,146.98981973434536,18.702400379506642,2.161614996093314
luggage_accessories,1030,1.0563106796116506,72.4,104.6,159.41500000000002,136.03046601941747,29.5074854368932,1.3004824667248325
home_appliances,762,1.0091863517060367,28.805,49.0,114.8375,104.98850393700786,19.38328083989501,2.142622529326691
construction_tools_construction,746,1.242627345844504,48.225,99.9,189.675,193.76701072386058,27.653485254691688,1.9396097169555613
small_appliances,622,1.0787781350482315,57.39,104.9,319.0,302.1017041800643,25.44090032154341,2.879901851096895
musical_instruments,620,1.0790322580645162,55.0,109.95,316.25,302.8845806451613,29.407870967741935,2.7547483460223856
books_general_interest,505,1.0811881188118813,30.0,48.9,115.0,90.3411683168317,17.893861386138614,1.8474676547409346
home_construction,489,1.2331288343558282,79.8,119.85,186.9,169.75484662576687,28.268916155419223,1.4163942146497028
food,449,1.133630289532294,27.9,56.97,82.49,65.13031180400891,16.154276169265035,1.1432387538004023
furniture_living_room,420,1.1928571428571428,74.99,109.97,179.99,163.42514285714287,42.663666666666664,1.4860884137232233
home_confort,397,1.093198992443325,86.9,89.9,219.0,147.53662468513855,21.41367758186398,1.6411192957190048
audio,349,1.0401146131805157,19.9,89.0,179.9,145.18223495702009,16.34,1.63126106693281
drinks,296,1.277027027027027,35.0,47.49,65.0,75.60374999999999,19.331216216216216,1.5919930511686669
market_place,279,1.1111111111111112,32.99,62.8,125.3,101.39236559139783,19.376559139784945,1.6145281145127044
books_technical,260,1.0269230769230768,30.0,57.69,88.99249999999999,73.4463846153846,16.47330769230769,1.2731215915303278
air_conditioning,251,1.1752988047808766,77.45,139.0,229.945,218.0205577689243,26.746653386454184,1.5684932213591676
kitchen_dining_laundry_garden_furniture,246,1.1341463414634145,56.9,124.5,229.0,187.2779268292683,48.11134146341463,1.504240376138701
construction_tools_lights,243,1.242798353909465,77.45,120.0,230.0,164.6172839506173,30.901975308641976,1.3718106995884773
fashion_shoes,238,1.0924369747899159,36.6875,84.9,143.64,98.12134453781512,20.569453781512603,1.155728439785808
industry_commerce_and_business,235,1.1404255319148937,79.9,107.8,143.5,168.80685106382978,33.55182978723404,1.5659262621876604
home_appliances_2,231,1.0173160173160174,159.0,229.99,579.7,479.0032034632034,45.046666666666674,2.0827131764998628
food_drink,225,1.2266666666666666,29.7,40.8,65.0,67.19768888888889,19.949422222222218,1.6470021786492377
fixed_telephony,214,1.219626168224299,21.98,54.5,170.75,270.20658878504673,21.44785046728972,4.957919060276087
art,201,1.0348258706467661,55.0,99.9,99.99,120.23701492537313,20.042636815920396,1.203573722976708
costruction_tools_garden,192,1.21875,34.99,67.9,139.15,133.08427083333333,27.238072916666667,1.9600039887088854
agro_industry_and_commerce,182,1.164835164835165,58.035000000000004,344.9,439.9975,398.51906593406596,32.10769230769231,1.15546264405354
computers,181,1.1215469613259668,730.0,1200.0,1437.0,1231.840497237569,54.34419889502762,1.0265337476979741
construction_tools_safety,165,1.1454545454545455,65.0,139.79,289.98,239.93345454545454,23.22163636363636,1.7163849670609812
signaling_and_security,140,1.4214285714285715,46.85,89.9,151.2075,153.63735714285713,46.484428571428566,1.7089806133799457
christmas_supplies,127,1.1968503937007875,24.21,58.9,79.9,69.19551181102361,25.365039370078737,1.1747964653824041
fashion_underwear_beach,121,1.0826446280991735,49.9,59.9,86.25,78.85578512396694,15.836280991735535,1.3164571807006167
fashion_male_clothing,111,1.1801801801801801,49.8,64.9,129.99,96.83621621621622,19.320990990990992,1.492083454795319
costruction_tools_tools,97,1.0618556701030928,29.9,74.9,189.9,163.95824742268042,20.930103092783504,2.1890286705297783
furniture_bedroom,95,1.1473684210526316,159.0,185.0,229.0,210.82926315789476,48.76031578947368,1.139617638691323
tablets_printing_image,79,1.0506329113924051,54.9,99.0,99.0,95.29632911392403,15.52151898734177,0.9625891829689296
small_appliances_home_oven_and_coffee,75,1.0133333333333334,94.0,640.99,807.5,632.6094666666665,36.63813333333333,0.9869256410656431
cine_photo,65,1.1076923076923078,49.8,84.9,119.0,106.66861538461539,19.32615384615385,1.2564030080637854
dvds_blu_ray,57,1.087719298245614,19.9,24.0,69.99,79.99105263157894,21.840000000000003,3.332960526315789
books_imported,53,1.1320754716981132,44.99,65.0,99.0,87.5443396226415,14.525471698113206,1.3468359941944847
fashio_female_clothing,39,1.2307692307692308,32.49,64.9,102.39,71.88820512820514,15.942307692307692,1.1076765042866739
party_supplies,39,1.1025641025641026,37.5,69.9,149.9,115.00461538461539,21.230000000000004,1.645273467591064
music,38,1.0,24.917499999999997,54.89,220.0,158.7986842105263,18.171315789473688,2.8930348735749005
furniture_mattress_and_upholstery,38,1.0,75.0,85.0,109.85,114.94947368421053,42.906842105263166,1.3523467492260062
flowers,29,1.1379310344827587,22.8,29.89,49.9,38.27724137931035,16.857586206896553,1.2806035924827817
fashion_sport,27,1.1111111111111112,49.9,59.9,89.9,78.50037037037038,21.41222222222222,1.3105237123601066
diapers_and_hygiene,26,1.4615384615384615,37.0,44.0,60.0,59.184230769230766,21.633076923076924,1.3450961538461537
home_comfort_2,24,1.25,12.9,12.9,25.8,31.677916666666665,17.09625,2.4556524547803615
arts_and_craftmanship,23,1.0434782608695652,20.895,49.9,127.99000000000001,78.87000000000002,16.092608695652178,1.5805611222444893
la_cuisine,13,1.0769230769230769,116.0,137.0,174.0,158.07615384615383,25.657692307692308,1.1538405390230206
portateis_cozinha_e_preparadores_de_alimentos,13,1.0769230769230769,21.52,35.06,517.8,302.5869230769231,22.64769230769231,8.630545438588792
cds_dvds_musicals,12,1.1666666666666667,45.0,65.0,65.0,60.833333333333336,18.749166666666667,0.9358974358974359
fashion_childrens_clothes,8,1.0,39.99,69.945,94.99249999999999,71.23125,11.938749999999999,1.0183894488526701
pc_gamer,7,1.1428571428571428,129.99,129.99,174.495,186.70714285714286,17.592857142857145,1.4363192773070454
security_and_services,2,1.0,120.82249999999999,141.64499999999998,162.4675,141.64499999999998,20.61,1.0
