category,orders,customers,product_value,freight_value,spend
health_beauty,8800,8644,1255695.13,181970.65,1437665.78
watches_gifts,5604,5528,1198185.21,100107.26,1298292.47
bed_bath_table,9399,9127,1035964.06,204422.07,1240386.13
sports_leisure,7673,7471,979740.92,167503.71,1147244.63
computers_accessories,6654,6522,904322.02,146619.56,1050941.58
furniture_decor,6425,6294,727465.05,172160.99,899626.04
housewares,5847,5784,626825.8,145209.34,772035.14
cool_stuff,3616,3600,620770.49,83315.75,704086.24
auto,3872,3829,586585.73,92020.91,678606.64
garden_tools,3505,3476,481009.94,98515.26,579525.2
toys,3855,3814,479808.54,76974.75,556783.29
baby,2868,2841,410312.2,68007.8,478320.0
perfumery,3146,3109,396599.31,53981.16,450580.47
telephony,4183,4137,322342.64,70963.38,393306.02
office_furniture,1272,1263,273580.7,68492.32,342073.02
stationery,2299,2284,229593.84,46558.34,276152.18
pet_shop,1706,1685,213766.63,39410.33,253176.96
computers,181,179,222963.13,9836.3,232799.43
unknown,1437,1431,178572.55,27951.74,206524.29
musical_instruments,620,616,187788.44,18232.88,206021.32
small_appliances,622,619,187907.26,15824.24,203731.5
electronics,2543,2533,157079.54,46337.23,203416.77
fashion_bags_accessories,1858,1792,151622.75,31312.01,182934.76
consoles_games,1054,1050,154927.27,19712.33,174639.6
luggage_accessories,1030,1024,140111.38,30392.71,170504.09
construction_tools_construction,746,742,144550.19,20629.5,165179.69
home_appliances_2,231,226,110649.74,10405.78,121055.52
home_construction,489,488,83010.12,13823.5,96833.62
home_appliances,762,701,80001.24,14770.06,94771.3
furniture_living_room,420,413,68638.56,17918.74,86557.3
agro_industry_and_commerce,182,181,72530.47,5843.6,78374.07
home_confort,397,396,58572.04,8501.23,67073.27
fixed_telephony,214,214,57824.21,4589.84,62414.05
air_conditioning,251,249,54723.16,6713.41,61436.57
kitchen_dining_laundry_garden_furniture,246,245,46070.37,11835.39,57905.76
audio,349,348,50668.6,5702.66,56371.26
books_general_interest,505,499,45622.29,9036.4,54658.69
small_appliances_home_oven_and_coffee,75,75,47445.71,2747.86,50193.57
industry_commerce_and_business,235,233,39669.61,7884.68,47554.29
construction_tools_lights,243,243,40002.0,7509.18,47511.18
construction_tools_safety,165,164,39589.02,3831.57,43420.59
food,449,444,29243.51,7253.27,36496.78
market_place,279,278,28288.47,5406.06,33694.53
costruction_tools_garden,192,189,25552.18,5229.71,30781.89
fashion_shoes,238,236,23352.88,4895.53,28248.41
art,201,201,24167.64,4028.57,28196.21
drinks,296,291,22378.71,5722.04,28100.75
signaling_and_security,140,139,21509.23,6507.82,28017.05
furniture_bedroom,95,91,20028.78,4632.23,24661.01
books_technical,260,259,19096.06,4283.06,23379.12
food_drink,225,223,15119.48,4488.62,19608.1
costruction_tools_tools,97,97,15903.95,2030.22,17934.17
fashion_male_clothing,111,109,10748.82,2144.63,12893.45
christmas_supplies,127,127,8787.83,3221.36,12009.19
fashion_underwear_beach,121,121,9541.55,1916.19,11457.74
tablets_printing_image,79,79,7528.41,1226.2,8754.61
cine_photo,65,65,6933.46,1256.2,8189.66
music,38,38,6034.35,690.51,6724.86
furniture_mattress_and_upholstery,38,38,4368.08,1630.46,5998.54
dvds_blu_ray,57,56,4559.49,1244.88,5804.37
books_imported,53,52,4639.85,769.85,5409.7
party_supplies,39,39,4485.18,827.97,5313.15
portateis_cozinha_e_preparadores_de_alimentos,13,13,3933.63,294.42,4228.05
fashio_female_clothing,39,39,2803.64,621.75,3425.39
fashion_sport,27,27,2119.51,578.13,2697.64
la_cuisine,13,13,2054.99,333.55,2388.54
arts_and_craftmanship,23,21,1814.01,370.13,2184.14
diapers_and_hygiene,26,25,1538.79,562.46,2101.25
flowers,29,29,1110.04,488.87,1598.91
pc_gamer,7,7,1306.95,123.15,1430.1
home_comfort_2,24,23,760.27,410.31,1170.58
cds_dvds_musicals,12,12,730.0,224.99,954.99
fashion_childrens_clothes,8,8,569.85,95.51,665.36
security_and_services,2,2,283.29,41.22,324.51
