category,North,Northeast,Center-West,Southeast,South,shipments,median_distance_km
bed_bath_table,0.7701113539390155,5.442814028514934,5.088979082110521,75.8351545426163,12.862940992819233,9609,384.4672085431821
health_beauty,2.1638155658774214,12.269174124844227,6.525433329557042,67.02163815565876,12.019938824062535,8827,437.67031274561145
sports_leisure,1.9158576051779934,8.880258899676376,6.174757281553398,67.93527508090614,15.093851132686083,7725,450.1443284931187
computers_accessories,2.2294887039239,9.57193816884661,5.261593341260404,68.01426872770512,14.922711058263971,6728,505.70742793727715
furniture_decor,1.506533435818601,7.778631821675634,4.857801691006918,68.45503458877786,17.401998462720982,6505,414.258998031816
housewares,1.0517387616624259,5.733672603901612,5.122985581000848,73.48600508905852,14.60559796437659,5895,379.0672153471373
watches_gifts,2.4645390070921986,13.138297872340427,6.684397163120567,65.86879432624113,11.843971631205674,5640,431.78011590296404
telephony,3.1844106463878328,15.375475285171103,6.772813688212928,59.3393536121673,15.327946768060837,4208,481.85954411681615
auto,2.1817248459958933,11.01129363449692,6.519507186858315,66.17043121149896,14.117043121149898,3896,433.9113802971315
toys,1.7054263565891472,8.914728682170542,6.2015503875969,69.79328165374677,13.38501291989664,3870,379.4407844052745
cool_stuff,2.3480662983425415,10.74585635359116,6.49171270718232,63.70165745856353,16.71270718232044,3620,474.16847693131433
garden_tools,1.4823261117445838,9.891676168757128,5.045610034207526,67.93044469783352,15.64994298745724,3508,500.13767636596236
perfumery,1.833702181473285,9.010433133101486,6.6076509642744226,70.06006955422068,12.488144166930129,3163,398.5894826575607
baby,2.459300311742293,8.6248701073779,6.338759958434361,66.88604087287841,15.691028749567023,2887,454.4517795934191
electronics,2.03921568627451,10.352941176470589,4.901960784313726,65.49019607843137,17.215686274509803,2550,474.03642133128466
