category,shipments,median_product_value,median_freight,median_freight_ratio,freight_ratio_of_totals,median_weight_g,median_distance_km,far_share
electronics,2548,21.9,15.23,0.6271356783919598,0.295018761733837,200.0,474.92462674332273,0.16463414634146342
telephony,4208,29.99,15.1,0.43829547738693475,0.22015476553895935,227.5,481.85954411681615,0.23858474778866842
home_appliances,762,49.0,16.14,0.30751907950769025,0.18462288834523063,450.0,390.3169046977213,0.13984168865435356
books_general_interest,503,49.0,16.11,0.27468671679198,0.19811587712935935,550.0,429.9022262103575,0.13346613545816732
fashion_bags_accessories,1884,49.9,15.1,0.27468671679198,0.20657529441358446,200.0,438.5701446249815,0.1668443496801706
food,450,56.97,14.184999999999999,0.282078853046595,0.24900503275160946,330.0,372.04433860194564,0.10961968680089486
consoles_games,1058,67.5,15.31,0.2600519261026205,0.1272360250070888,283.0,562.2942368987515,0.19639468690702086
housewares,5893,68.9,17.76,0.2803883495145631,0.23169609921859624,1400.0,379.0672153471373,0.10791489361702128
stationery,2305,79.0,16.94,0.21936433195997646,0.20265375992883927,1150.0,381.0195601184695,0.14291958041958042
furniture_decor,6486,79.5,18.884999999999998,0.2575238095238095,0.2368053887455211,1700.0,413.85700779045476,0.13371463904776626
baby,2874,79.9,17.665,0.21809728183118737,0.1662455558620033,700.0,454.0221722308705,0.15671902268760907
health_beauty,8818,84.99,16.46,0.20497601431010654,0.1448684379016645,450.0,437.88994099567464,0.2160655364660371
computers_accessories,6723,85.0,16.79,0.21356081776731872,0.1621800920397414,325.0,505.72720139874156,0.19224459358687546
garden_tools,3497,85.5,19.68,0.294991652754591,0.20442843105633293,1750.0,500.19698574725845,0.1720676799541153
bed_bath_table,9596,86.9,17.37,0.21376146788990827,0.1971566608118719,1383.0,384.826065508374,0.0849953012425603
toys,3862,87.9,16.355,0.1982193802540379,0.16045316589676928,850.0,379.33176355486376,0.15300261096605744
audio,348,89.0,15.23,0.1769767441860465,0.11203694768043014,400.0,434.88723298009796,0.14985590778097982
sports_leisure,7720,89.9,17.06,0.21001360302303385,0.1709371689699616,800.0,450.286489391872,0.15745067497403947
home_confort,368,89.9,17.86,0.1568469505178366,0.145485998095307,1825.0,379.8746731329069,0.10869565217391304
auto,3893,89.9,18.22,0.22102335928809788,0.15675067350006427,950.0,433.90989453982,0.1761524594385784
unknown,1412,92.005,15.61,0.20303356706372674,0.1553580474078314,450.0,403.70819921761614,0.14377224199288255
perfumery,3158,92.99,15.24,0.16848188486330296,0.1362227058750185,400.0,399.0662003701942,0.15749284123448934
pet_shop,1731,94.9,18.0,0.21093525179856115,0.18440770268110146,974.0,444.53429477306844,0.1290134267367192
construction_tools_construction,751,99.9,18.59,0.21259640102827762,0.14270865967576726,1400.0,398.6012741182045,0.12064343163538874
luggage_accessories,1030,103.75,19.32,0.22786926332224003,0.21685747069759154,1250.0,377.62803078100114,0.15204678362573099
small_appliances,621,104.9,18.64,0.17857142857142858,0.08470113161508151,1200.0,415.55720530152036,0.143317230273752
musical_instruments,623,107.2,18.57,0.1676923076923077,0.09705911911333041,900.0,461.381247889404,0.18167202572347266
furniture_living_room,421,109.97,30.02,0.25218804701175296,0.26134865798120704,7500.0,429.83351995431207,0.15625
home_construction,489,119.85,19.68,0.19045401629802095,0.16685389565190492,1050.0,421.2991854666413,0.1411042944785276
cool_stuff,3613,129.99,17.82,0.1545187512808252,0.13426605029749797,1500.0,474.0398008105776,0.19350322038644638
watches_gifts,5636,139.9,16.11,0.11259382819015847,0.08355967236359517,350.0,431.78011590296404,0.1913415285943346
office_furniture,1272,159.99,38.045,0.2386819938680322,0.2501379905550533,11880.0,341.85155020428306,0.17061611374407584
