first_week,new_customers,repurchased,rate,rate_lo,rate_hi,spike
2017-01-02,30,0,0.0,-1.3877787807814457e-17,0.113517091390478,False
2017-01-09,76,0,0.0,0.0,0.04811526823109757,False
2017-01-16,189,7,0.037037037037037035,0.01805428842936729,0.07446516795348786,False
2017-01-23,344,3,0.00872093023255814,0.0029701948036427537,0.025323143313477223,False
2017-01-30,441,8,0.018140589569160998,0.009220037566272071,0.03538370452979089,False
2017-02-06,520,10,0.019230769230769232,0.01047855836480599,0.03503443640307804,False
2017-02-13,386,8,0.02072538860103627,0.010538345882131145,0.040358223391132673,False
2017-02-20,361,5,0.013850415512465374,0.00593010593703633,0.03200855018112563,False
2017-02-27,464,10,0.021551724137931036,0.011747651250677437,0.03921318677655229,False
2017-03-06,556,7,0.012589928057553957,0.006111580351455117,0.025757434026897615,False
2017-03-13,604,10,0.016556291390728478,0.009017353389374384,0.030206023227165188,False
2017-03-20,622,11,0.017684887459807074,0.009903023285260347,0.03138793596065747,False
2017-03-27,547,10,0.018281535648994516,0.009959797074036212,0.03332233702767288,False
2017-04-03,562,14,0.02491103202846975,0.014895801733909102,0.04137719056640957,False
2017-04-10,429,8,0.018648018648018648,0.00947874770051554,0.03636157818313335,False
2017-04-17,550,9,0.016363636363636365,0.008632290096332906,0.030804256381938143,False
2017-04-24,657,15,0.0228310502283105,0.013883768349949716,0.03732608284585877,False
2017-05-01,755,17,0.022516556291390728,0.014104878494579693,0.0357627091548059,False
2017-05-08,762,19,0.024934383202099737,0.01601981180272031,0.03861498474006347,False
2017-05-15,899,27,0.030033370411568408,0.020721447150684122,0.043344719051670755,False
2017-05-22,752,15,0.0199468085106383,0.012124565060563051,0.03264883719726451,False
2017-05-29,801,18,0.02247191011235955,0.014260934090212635,0.035241477315957226,False
2017-06-05,800,23,0.02875,0.019232692308443156,0.042771563256334785,False
2017-06-12,716,13,0.018156424581005588,0.010640817691287736,0.03081496924850569,False
2017-06-19,637,14,0.02197802197802198,0.013136076599036005,0.036551084783745635,False
2017-06-26,701,13,0.018544935805991442,0.010869164671702757,0.031468858509675866,False
2017-07-03,794,17,0.021410579345088162,0.013409898555811185,0.0340200674925874,False
2017-07-10,918,24,0.026143790849673203,0.01763038893073987,0.038606604496330466,False
2017-07-17,913,12,0.013143483023001095,0.007534297365920858,0.022832562078502254,False
2017-07-24,879,18,0.020477815699658702,0.012991720226502166,0.03213710016438108,False
2017-07-31,940,23,0.02446808510638298,0.016358745174607593,0.03644842077357694,False
2017-08-07,898,26,0.028953229398663696,0.019833747497563513,0.04208577362454928,False
2017-08-14,993,25,0.025176233635448138,0.017110179257114902,0.03690201285043759,False
2017-08-21,845,23,0.027218934911242602,0.018204681917555893,0.04051251573156968,False
2017-08-28,963,15,0.01557632398753894,0.009461770445073143,0.025540447084664925,False
2017-09-04,861,25,0.029036004645760744,0.019743436602725817,0.04251258808433826,False
2017-09-11,1109,34,0.030658250676284943,0.02202103242233496,0.042535864084769025,False
2017-09-18,940,24,0.02553191489361702,0.017216351696278484,0.037709813880657306,False
2017-09-25,914,18,0.019693654266958426,0.012492813154015818,0.030915112570858716,False
2017-10-02,951,20,0.02103049421661409,0.013654531114520708,0.03226051908857057,False
2017-10-09,1019,16,0.015701668302257114,0.009687654750923595,0.025353548109812617,False
2017-10-16,1081,14,0.012950971322849213,0.007730030667758295,0.021621351137659194,False
2017-10-23,931,24,0.02577873254564984,0.01738335722798063,0.038071598991340376,False
2017-10-30,879,16,0.01820250284414107,0.01123478437758337,0.02936321191076552,False
2017-11-06,1163,17,0.014617368873602751,0.009146090859828083,0.023284703517060783,False
2017-11-13,1238,31,0.025040387722132473,0.017695990669361,0.035323331601691925,False
2017-11-20,2881,47,0.016313779937521693,0.012290471436507971,0.02162529017757856,True
2017-11-27,2008,36,0.017928286852589643,0.01297789300982167,0.0247197070398045,True
2017-12-04,1602,17,0.010611735330836454,0.006635895953968246,0.01692906836131665,False
2017-12-11,1348,26,0.019287833827893175,0.013196003643448105,0.028111794548292705,False
2017-12-18,943,24,0.02545068928950159,0.01716139401644541,0.037590741926884504,False
2017-12-25,853,12,0.01406799531066823,0.008065430626666014,0.024427856347262425,False
2018-01-01,1333,32,0.024006001500375095,0.017055212221215053,0.033692460502314794,False
2018-01-08,1711,27,0.015780245470485097,0.010867510512017294,0.022862485308004797,False
2018-01-15,1675,25,0.014925373134328358,0.01012982050855622,0.021940864420861777,False
2018-01-22,1512,27,0.017857142857142856,0.012301112047312312,0.025856964627717582,False
2018-01-29,1517,29,0.01911667765326302,0.013342774397780572,0.02731997443812712,False
2018-02-05,1490,23,0.015436241610738255,0.010307699674223663,0.023057015835104767,False
2018-02-12,1543,30,0.019442644199611146,0.013652447124294554,0.0276197813960659,False
2018-02-19,1665,42,0.025225225225225224,0.018715698707637403,0.03392057306315258,False
2018-02-26,558,5,0.008960573476702509,0.0038332652514459654,0.020802859948254447,False
