state,customers,region,share
SP,40296,Southeast,0.4193306693306693
RJ,12381,Southeast,0.12883991008991008
MG,11252,Southeast,0.1170912420912421
RS,5276,South,0.054903429903429904
PR,4879,South,0.05077214452214452
SC,3531,South,0.036744505494505496
BA,3275,Northeast,0.03408050283050283
DF,2072,Center-West,0.02156177156177156
ES,1964,Southeast,0.020437895437895436
GO,1950,Center-West,0.020292207792207792
PE,1605,Northeast,0.016702047952047952
CE,1313,Northeast,0.013663419913419914
PA,949,North,0.009875541125541126
MT,875,Center-West,0.009105477855477856
MA,726,Northeast,0.007554945054945055
MS,693,Center-West,0.007211538461538462
PB,517,Northeast,0.00538003663003663
PI,482,Northeast,0.005015817515817516
RN,474,Northeast,0.004932567432567433
AL,400,Northeast,0.004162504162504163
SE,341,Northeast,0.0035485347985347985
TO,273,North,0.002840909090909091
RO,240,North,0.0024975024975024975
AM,143,North,0.001488095238095238
AC,77,North,0.0008012820512820513
AP,67,North,0.0006972194472194472
RR,45,North,0.0004682817182817183
