category,shipments,rho_distance_price,rho_distance_freight
books_general_interest,504,0.24233189705854238,0.75474487717834
health_beauty,8798,0.18632426319868883,0.7279050263754334
home_appliances,758,0.17940529927624901,0.6880589336015709
baby,2878,0.15973122945992008,0.5918121667163977
perfumery,3148,0.15712458125201265,0.7472458872862262
cool_stuff,3578,0.14775623929686987,0.64731836081023
construction_tools_construction,747,0.14759055542815028,0.5978347669455661
auto,3886,0.14743087175122396,0.6479936567969321
sports_leisure,7709,0.13957993396113574,0.6188596096865533
computers_accessories,6710,0.13716435864421428,0.6060434188808146
small_appliances,622,0.13044328180588494,0.5348231102400317
telephony,4183,0.12284705342936576,0.7949108285513521
pet_shop,1714,0.11701519793707661,0.5288766041219817
musical_instruments,623,0.11346830243313753,0.5488520715233882
housewares,5877,0.10959997372219069,0.5060826391924145
toys,3838,0.09566039103536883,0.6740322268100157
watches_gifts,5617,0.08923660268391134,0.6764883975148097
unknown,1430,0.08641563371029594,0.6162938623947409
furniture_decor,6488,0.08246034380881409,0.44226904447821674
garden_tools,3498,0.06801694828571894,0.40886751752671685
fashion_bags_accessories,1883,0.06431775205298558,0.7499771697389614
luggage_accessories,1027,0.057561557855967484,0.3565189329594442
stationery,2292,0.053784688527541,0.6125581419406952
electronics,2462,0.04071964339666061,0.6936667778680137
bed_bath_table,9590,0.022444248107389778,0.5258151247409866
office_furniture,1268,0.014677163003041328,0.4218389197706536
consoles_games,1054,-0.01946480663852744,0.6494482163701876
