table,column,total_rows,missing,missing_rate
customers,customer_id,99441,0,0.0
customers,customer_unique_id,99441,0,0.0
customers,customer_zip_code_prefix,99441,0,0.0
customers,customer_city,99441,0,0.0
customers,customer_state,99441,0,0.0
sellers,seller_id,3095,0,0.0
sellers,seller_zip_code_prefix,3095,0,0.0
sellers,seller_city,3095,0,0.0
sellers,seller_state,3095,0,0.0
product_category_name_translation,product_category_name,71,0,0.0
product_category_name_translation,product_category_name_english,71,0,0.0
products,product_id,32951,0,0.0
products,product_category_name,32951,610,0.018512336499651
products,product_name_lenght,32951,610,0.018512336499651
products,product_description_lenght,32951,610,0.018512336499651
products,product_photos_qty,32951,610,0.018512336499651
products,product_weight_g,32951,2,6.069618524475737e-05
products,product_length_cm,32951,2,6.069618524475737e-05
products,product_height_cm,32951,2,6.069618524475737e-05
products,product_width_cm,32951,2,6.069618524475737e-05
orders,order_id,99441,0,0.0
orders,customer_id,99441,0,0.0
orders,order_status,99441,0,0.0
orders,order_purchase_timestamp,99441,0,0.0
orders,order_approved_at,99441,160,0.0016089942780140988
orders,order_delivered_carrier_date,99441,1783,0.017930229985619613
orders,order_delivered_customer_date,99441,2965,0.02981667521444877
orders,order_estimated_delivery_date,99441,0,0.0
order_items,order_id,112650,0,0.0
order_items,order_item_id,112650,0,0.0
order_items,product_id,112650,0,0.0
order_items,seller_id,112650,0,0.0
order_items,shipping_limit_date,112650,0,0.0
order_items,price,112650,0,0.0
order_items,freight_value,112650,0,0.0
order_payments,order_id,103886,0,0.0
order_payments,payment_sequential,103886,0,0.0
order_payments,payment_type,103886,0,0.0
order_payments,payment_installments,103886,0,0.0
order_payments,payment_value,103886,0,0.0
order_reviews,review_id,99224,0,0.0
order_reviews,order_id,99224,0,0.0
order_reviews,review_score,99224,0,0.0
order_reviews,review_comment_title,99224,87656,0.8834153027493349
order_reviews,review_comment_message,99224,58247,0.5870253164556962
order_reviews,review_creation_date,99224,0,0.0
order_reviews,review_answer_timestamp,99224,0,0.0
geolocation,geolocation_zip_code_prefix,1000163,0,0.0
geolocation,geolocation_lat,1000163,0,0.0
geolocation,geolocation_lng,1000163,0,0.0
geolocation,geolocation_city,1000163,0,0.0
geolocation,geolocation_state,1000163,0,0.0
