purchase,customers,share_of_all,step_conversion
1,94990,1.0,
2,2065,0.021739130434782608,0.021739130434782608
3,156,0.001642278134540478,0.07554479418886198
4,32,0.00033687756605958524,0.20512820512820512
5,14,0.00014738393515106854,0.4375
6,8,8.421939151489631e-05,0.5714285714285714
7,3,3.1582271818086116e-05,0.375
8,1,1.0527423939362039e-05,0.3333333333333333
9,1,1.0527423939362039e-05,1.0
10,1,1.0527423939362039e-05,1.0
11,1,1.0527423939362039e-05,1.0
12,1,1.0527423939362039e-05,1.0
13,1,1.0527423939362039e-05,1.0
14,1,1.0527423939362039e-05,1.0
15,1,1.0527423939362039e-05,1.0
16,1,1.0527423939362039e-05,1.0
