category,1,2,3,4
bed_bath_table,12.300242130750604,12.106537530266344,14.743589743589745,15.151515151515152
sports_leisure,9.830508474576272,9.394673123486683,12.82051282051282,16.666666666666664
health_beauty,8.232445520581114,8.28087167070218,6.41025641025641,6.0606060606060606
furniture_decor,8.523002421307506,7.699757869249395,5.128205128205128,9.090909090909092
housewares,5.665859564164649,6.682808716707021,6.41025641025641,6.0606060606060606
computers_accessories,5.375302663438257,6.246973365617434,4.487179487179487,1.5151515151515151
watches_gifts,4.794188861985472,5.956416464891041,8.974358974358974,7.575757575757576
telephony,4.213075060532687,3.14769975786925,2.564102564102564,1.5151515151515151
garden_tools,4.019370460048426,3.389830508474576,1.9230769230769231,0.0
toys,3.583535108958838,3.2929782082324457,4.487179487179487,7.575757575757576
fashion_bags_accessories,3.099273607748184,3.2929782082324457,8.974358974358974,6.0606060606060606
perfumery,3.3414043583535107,3.1961259079903144,1.9230769230769231,0.0
auto,3.002421307506053,3.2445520581113803,3.8461538461538463,3.0303030303030303
baby,2.324455205811138,2.7602905569007263,1.9230769230769231,0.0
cool_stuff,2.566585956416465,2.082324455205811,0.641025641025641,3.0303030303030303
pet_shop,2.082324455205811,2.0338983050847457,1.9230769230769231,3.0303030303030303
electronics,1.694915254237288,1.8401937046004841,1.282051282051282,0.0
stationery,1.7433414043583535,1.5980629539951572,1.282051282051282,0.0
unknown,1.4527845036319613,1.1138014527845037,1.9230769230769231,3.0303030303030303
luggage_accessories,0.8232445520581114,1.0169491525423728,0.641025641025641,1.5151515151515151
consoles_games,0.774818401937046,0.774818401937046,0.0,1.5151515151515151
office_furniture,0.8716707021791767,0.7263922518159807,0.0,0.0
construction_tools_construction,0.5326876513317191,0.9685230024213075,0.0,1.5151515151515151
home_appliances,0.6295399515738499,0.6779661016949152,1.282051282051282,0.0
home_construction,0.48426150121065376,0.8716707021791767,0.0,0.0
furniture_living_room,0.7263922518159807,0.5811138014527845,0.641025641025641,0.0
drinks,0.5326876513317191,0.5811138014527845,1.282051282051282,0.0
home_confort,0.48426150121065376,0.5811138014527845,0.0,0.0
food,0.4358353510895884,0.387409200968523,0.641025641025641,3.0303030303030303
musical_instruments,0.4358353510895884,0.48426150121065376,0.0,0.0
small_appliances,0.4358353510895884,0.4358353510895884,0.0,0.0
books_general_interest,0.48426150121065376,0.24213075060532688,0.0,0.0
audio,0.387409200968523,0.24213075060532688,0.641025641025641,0.0
fashion_shoes,0.3389830508474576,0.24213075060532688,0.641025641025641,0.0
air_conditioning,0.387409200968523,0.24213075060532688,0.0,0.0
fixed_telephony,0.29055690072639223,0.1937046004842615,0.0,0.0
costruction_tools_garden,0.24213075060532688,0.24213075060532688,0.0,0.0
construction_tools_safety,0.1937046004842615,0.24213075060532688,0.0,0.0
kitchen_dining_laundry_garden_furniture,0.14527845036319612,0.24213075060532688,0.641025641025641,0.0
market_place,0.29055690072639223,0.09685230024213075,0.0,0.0
construction_tools_lights,0.09685230024213075,0.29055690072639223,0.0,0.0
food_drink,0.14527845036319612,0.24213075060532688,0.0,0.0
fashion_male_clothing,0.24213075060532688,0.09685230024213075,0.0,0.0
industry_commerce_and_business,0.14527845036319612,0.1937046004842615,0.0,0.0
home_appliances_2,0.09685230024213075,0.1937046004842615,0.0,0.0
fashion_underwear_beach,0.1937046004842615,0.09685230024213075,0.0,0.0
agro_industry_and_commerce,0.09685230024213075,0.1937046004842615,0.0,0.0
christmas_supplies,0.1937046004842615,0.09685230024213075,0.0,0.0
furniture_bedroom,0.14527845036319612,0.048426150121065374,0.641025641025641,0.0
art,0.09685230024213075,0.09685230024213075,0.0,0.0
tablets_printing_image,0.0,0.14527845036319612,0.0,1.5151515151515151
computers,0.048426150121065374,0.14527845036319612,0.0,0.0
arts_and_craftmanship,0.09685230024213075,0.048426150121065374,0.0,0.0
signaling_and_security,0.09685230024213075,0.048426150121065374,0.0,0.0
fashio_female_clothing,0.09685230024213075,0.0,0.641025641025641,0.0
books_imported,0.048426150121065374,0.09685230024213075,0.0,0.0
books_technical,0.048426150121065374,0.09685230024213075,0.0,0.0
dvds_blu_ray,0.048426150121065374,0.048426150121065374,0.641025641025641,0.0
costruction_tools_tools,0.0,0.09685230024213075,0.0,1.5151515151515151
cine_photo,0.048426150121065374,0.048426150121065374,0.0,0.0
diapers_and_hygiene,0.048426150121065374,0.048426150121065374,0.0,0.0
home_comfort_2,0.048426150121065374,0.048426150121065374,0.0,0.0
furniture_mattress_and_upholstery,0.048426150121065374,0.0,0.0,0.0
la_cuisine,0.048426150121065374,0.0,0.0,0.0
music,0.0,0.048426150121065374,0.0,0.0
pc_gamer,0.0,0.048426150121065374,0.0,0.0
no items,0.048426150121065374,0.0,0.0,0.0
party_supplies,0.0,0.048426150121065374,0.0,0.0
