state,sellers,region,customers,seller_share,customer_share
SP,1849,Southeast,40296,0.5974151857835218,0.4193306693306693
PR,349,South,4879,0.11276252019386107,0.05077214452214452
MG,244,Southeast,11252,0.07883683360258481,0.1170912420912421
SC,190,South,3531,0.061389337641357025,0.036744505494505496
RJ,171,Southeast,12381,0.05525040387722133,0.12883991008991008
RS,129,South,5276,0.04168012924071082,0.054903429903429904
GO,40,Center-West,1950,0.012924071082390954,0.020292207792207792
DF,30,Center-West,2072,0.009693053311793215,0.02156177156177156
ES,23,Southeast,1964,0.007431340872374798,0.020437895437895436
BA,19,Northeast,3275,0.006138933764135703,0.03408050283050283
CE,13,Northeast,1313,0.00420032310177706,0.013663419913419914
PE,9,Northeast,1605,0.0029079159935379646,0.016702047952047952
PB,6,Northeast,517,0.0019386106623586429,0.00538003663003663
MS,5,Center-West,693,0.0016155088852988692,0.007211538461538462
RN,5,Northeast,474,0.0016155088852988692,0.004932567432567433
MT,4,Center-West,875,0.0012924071082390954,0.009105477855477856
RO,2,North,240,0.0006462035541195477,0.0024975024975024975
SE,2,Northeast,341,0.0006462035541195477,0.0035485347985347985
MA,1,Northeast,726,0.00032310177705977385,0.007554945054945055
PA,1,North,949,0.00032310177705977385,0.009875541125541126
AC,1,North,77,0.00032310177705977385,0.0008012820512820513
AM,1,North,143,0.00032310177705977385,0.001488095238095238
PI,1,Northeast,482,0.00032310177705977385,0.005015817515817516
AL,0,Northeast,400,0.0,0.004162504162504163
TO,0,North,273,0.0,0.002840909090909091
RR,0,North,45,0.0,0.0004682817182817183
AP,0,North,67,0.0,0.0006972194472194472
