category,other_weeks,spike_weeks,spike_orders,gap_pp,lift
bed_bath_table,9.44360577959888,10.992275698158052,555,1.5486699185591721,1.1639913773089492
health_beauty,8.965926245417295,7.78371954842543,393,-1.182206696991865,0.8681444990029759
toys,3.6920422687082164,7.66488413547237,387,3.9728418667641536,2.0760553584220434
furniture_decor,6.343541082596506,7.229154287977817,365,0.8856132053813113,1.1396086497825306
sports_leisure,7.806771619581626,7.229154287977817,365,-0.5776173316038093,0.9260107302031253
computers_accessories,6.816907483286608,5.723905723905724,289,-1.0930017593808836,0.8396631079326429
garden_tools,3.411688591761915,5.684293919588037,287,2.2726053278261222,1.6661233189083267
watches_gifts,5.734310976924736,5.129728659140423,259,-0.6045823177843124,0.894567573991506
telephony,4.224714254906189,4.634581105169341,234,0.4098668502631515,1.0970164668029727
housewares,5.958593918481777,4.594969300851654,232,-1.3636246176301237,0.7711499329731856
perfumery,3.113004097476817,4.27807486631016,216,1.1650707688333428,1.3742593110550891
auto,3.9572999784343326,3.3868092691622103,171,-0.5704907092721223,0.8558383967904725
cool_stuff,3.685572568470994,3.129332541097247,158,-0.5562400273737471,0.8490763600390834
electronics,2.5835669613974552,2.6143790849673203,132,0.03081212356986507,1.0119261950745797
fashion_bags_accessories,1.841708000862627,2.5945731828084773,131,0.7528651819458503,1.4087863991431975
baby,2.916756523614406,2.059813824519707,104,-0.8569426990946991,0.7062001260109338
stationery,2.3506577528574506,1.9607843137254901,99,-0.3898734391319605,0.8341428314445045
consoles_games,1.0189777873625188,1.8221429986135869,92,0.8031652112510681,1.7882067903854397
unknown,1.4298037524261376,1.3666072489601901,69,-0.0631965034659474,0.9558005751777379
pet_shop,1.7640715980159587,1.1883541295306002,60,-0.5757174684853585,0.6736427993439356
construction_tools_construction,0.756954927755014,0.6139829669241434,31,-0.1429719608308706,0.8111222272442317
musical_instruments,0.6318740565020488,0.5941770647653001,30,-0.037696991736748675,0.9403409724630363
home_appliances,0.7914599956868665,0.5545652604476135,28,-0.23689473523925308,0.7006864067290418
office_furniture,1.3306016821220616,0.5545652604476135,28,-0.7760364216744482,0.41677781405114805
books_general_interest,0.511106318740565,0.5149534561299267,26,0.00384713738936171,1.0075270785124346
home_construction,0.4873840845374165,0.5149534561299267,26,0.027569371592510217,1.0565660071125973
furniture_living_room,0.4194522320465819,0.5149534561299267,26,0.09550122408334483,1.2276808103210641
home_confort,0.36230321328445114,0.49514755397108334,25,0.1328443406866322,1.3666661950975676
small_appliances,0.6415786068578823,0.4753416518122401,24,-0.16623695504564218,0.7408938620011285
luggage_accessories,1.0782833728703902,0.4555357496533967,23,-0.6227476232169935,0.42246385422856014
audio,0.3472072460642657,0.39611804317686666,20,0.04891079711260099,1.1408691715597086
kitchen_dining_laundry_garden_furniture,0.23937890877722665,0.35650623885918004,18,0.11712733008195339,1.4892967834144306
food_drink,0.2221263748113004,0.33670033670033667,17,0.11457396188903626,1.515805302213069
fashion_shoes,0.24045719215009703,0.23767082590612004,12,-0.00278636624397699,0.9884122150015056
agro_industry_and_commerce,0.18654302350657753,0.17825311942959002,9,-0.008289904076987514,0.9555603639248658
drinks,0.3029976277765797,0.17825311942959002,9,-0.12474450834698966,0.5882987293914654
home_appliances_2,0.24045719215009703,0.15844721727074668,8,-0.08200997487935036,0.6589414766676703
air_conditioning,0.2555531593702825,0.15844721727074668,8,-0.09710594209953582,0.6200166636999598
fashion_underwear_beach,0.12184602113435412,0.15844721727074668,8,0.03660119613639255,1.300388931830889
christmas_supplies,0.12831572137157646,0.13864131511190336,7,0.010325593740326905,1.0804702154183123
fixed_telephony,0.21889152469268922,0.11883541295306002,6,-0.1000561117396292,0.5428963643973787
construction_tools_lights,0.24153547552296745,0.11883541295306002,6,-0.12270006256990743,0.4919998302351244
food,0.4647401337071383,0.11883541295306002,6,-0.3459047207540783,0.2557029280108303
books_technical,0.27064912659046797,0.11883541295306002,6,-0.15181371363740795,0.4390755457078401
costruction_tools_garden,0.19732585723528143,0.09902951079421667,5,-0.09829634644106476,0.5018577503309101
tablets_printing_image,0.07871468621953849,0.09902951079421667,5,0.020314824574678175,1.2580817576788568
construction_tools_safety,0.16713392279491052,0.09902951079421667,5,-0.06810441200069385,0.5925159245842356
fashion_male_clothing,0.11429803752426138,0.07922360863537334,4,-0.03507442888888804,0.6931318363060871
costruction_tools_tools,0.1013586370498167,0.05941770647653001,3,-0.04194093057328668,0.5862125636844036
market_place,0.28358852706491267,0.05941770647653001,3,-0.22417082058838267,0.20952084025222026
party_supplies,0.037739918050463665,0.03961180431768667,2,0.0018718862672230038,1.0495996378349317
fashio_female_clothing,0.037739918050463665,0.03961180431768667,2,0.0018718862672230038,1.0495996378349317
industry_commerce_and_business,0.24584860901444902,0.03961180431768667,2,-0.20623680469676237,0.161122751422029
dvds_blu_ray,0.058227302135001074,0.03961180431768667,2,-0.018615497817314405,0.6802960615596781
furniture_mattress_and_upholstery,0.03881820142333405,0.03961180431768667,2,0.0007936028943526172,1.020444092339517
home_comfort_2,0.021565667457407806,0.03961180431768667,2,0.018046136860278863,1.8367993662111308
art,0.21242182445546687,0.019805902158843335,1,-0.19261592229662353,0.09323854650817924
books_imported,0.056070735389260294,0.019805902158843335,1,-0.03626483323041696,0.3532306473482944
furniture_bedroom,0.1013586370498167,0.019805902158843335,1,-0.08155273489097337,0.19540418789480116
la_cuisine,0.012939400474444685,0.019805902158843335,1,0.006866501684398649,1.5306661385092757
signaling_and_security,0.14880310545611386,0.019805902158843335,1,-0.12899720329727052,0.13310140334863269
flowers,0.03019193444037093,0.019805902158843335,1,-0.010386032281527596,0.6559997736468324
cine_photo,0.06793185249083458,0.019805902158843335,1,-0.04812595033199125,0.2915554549541478
arts_and_craftmanship,0.02372223420314859,0.0,0,-0.02372223420314859,0.0
cds_dvds_musicals,0.012939400474444685,0.0,0,-0.012939400474444685,0.0
diapers_and_hygiene,0.02695708432175976,0.0,0,-0.02695708432175976,0.0
fashion_childrens_clothes,0.007547983610092733,0.0,0,-0.007547983610092733,0.0
fashion_sport,0.028035367694630147,0.0,0,-0.028035367694630147,0.0
computers,0.19516929048954065,0.0,0,-0.19516929048954065,0.0
music,0.03881820142333405,0.0,0,-0.03881820142333405,0.0
portateis_cozinha_e_preparadores_de_alimentos,0.012939400474444685,0.0,0,-0.012939400474444685,0.0
security_and_services,0.0021565667457407807,0.0,0,-0.0021565667457407807,0.0
pc_gamer,0.007547983610092733,0.0,0,-0.007547983610092733,0.0
small_appliances_home_oven_and_coffee,0.08087125296527928,0.0,0,-0.08087125296527928,0.0
