customer_state,orders,median,mean
AC,81,158.27,242.97061728395062
RO,246,157.255,233.46939024390244
PB,531,154.83,264.63195856873824
RR,45,150.91,221.0882222222222
AP,68,147.20999999999998,239.15882352941176
PI,490,146.17000000000002,220.12132653061224
RN,482,142.305,211.4286307053942
PA,969,140.3,224.44222910216718
TO,278,139.17000000000002,219.7980215827338
SE,345,138.24,211.68788405797105
AL,411,138.15,234.19148418491483
MA,736,134.065,204.74415760869567
PE,1643,133.58,195.44788800973828
CE,1323,130.13,207.5206424792139
MT,902,125.47999999999999,206.455
AM,147,124.33,189.43156462585034
BA,3344,118.13499999999999,181.53153409090908
MS,708,116.64500000000001,191.99107344632768
GO,1998,113.02000000000001,170.4836036036036
RJ,12698,112.14,166.63996534887383
SC,3600,110.77,168.93903055555555
DF,2121,108.2,165.7178830740217
MG,11496,108.2,160.35667797494781
RS,5417,108.2,162.04611408528706
ES,2018,107.59,160.11186818632308
PR,4983,105.28,159.4728476821192
SP,41126,93.82,142.94937484802801
