week,mean_order_value,median_order_value,orders,spike
2017-01-02,85.93847826086957,19.62,46,False
2017-01-09,186.78602564102565,108.12,78,False
2017-01-16,145.24138461538462,84.59,195,False
2017-01-23,187.3222,117.995,350,False
2017-01-30,182.15184855233852,119.36,449,False
2017-02-06,168.68792060491495,104.02,529,False
2017-02-13,160.23628498727734,105.74,393,False
2017-02-20,149.0851490514905,94.15,369,False
2017-02-27,171.17635220125786,101.14,477,False
2017-03-06,157.4324734982332,97.595,566,False
2017-03-13,178.10755336617405,114.77,609,False
2017-03-20,154.15784251968503,98.84,635,False
2017-03-27,174.58299283154122,102.02,558,False
2017-04-03,181.55874137931033,100.42,580,False
2017-04-10,155.21887871853545,100.14,437,False
2017-04-17,175.9561811722913,111.21,563,False
2017-04-24,156.58315789473684,104.8,665,False
2017-05-01,151.58079794079794,101.14,777,False
2017-05-08,166.60906290115534,105.28,779,False
2017-05-15,152.23881974248926,97.88,932,False
2017-05-22,172.06677461139896,105.37,772,False
2017-05-29,161.20312195121952,103.11,820,False
2017-06-05,151.77164268585133,98.24000000000001,834,False
2017-06-12,157.92508771929826,97.71,741,False
2017-06-19,158.41222900763358,103.5,655,False
2017-06-26,151.2303337969402,97.79,719,False
2017-07-03,153.05376383763837,105.28,813,False
2017-07-10,142.97395966029725,104.64500000000001,942,False
2017-07-17,148.6439240506329,102.03,948,False
2017-07-24,143.01057986870896,98.03,914,False
2017-07-31,146.10158762886599,97.735,970,False
2017-08-07,160.02624321389794,106.87,921,False
2017-08-14,142.11433852140078,91.66,1028,False
2017-08-21,142.95325396825396,97.61,882,False
2017-08-28,204.67647352647353,108.19,1001,False
2017-09-04,171.40702914798206,101.74000000000001,892,False
2017-09-11,160.74020000000002,103.55,1150,False
2017-09-18,153.9503783231084,106.91499999999999,978,False
2017-09-25,175.70509493670886,100.795,948,False
2017-10-02,168.12723404255317,104.28,987,False
2017-10-09,169.40732569245463,104.28,1047,False
2017-10-16,168.9094488888889,113.91,1125,False
2017-10-23,166.15614345114344,105.23,962,False
2017-10-30,179.36719738276992,105.3,917,False
2017-11-06,154.81818639798487,101.71,1191,False
2017-11-13,159.34468433359314,112.76,1283,False
2017-11-20,159.0510531628533,101.73,2972,True
2017-11-27,150.4073326913818,104.85,2077,True
2017-12-04,155.3621673690548,107.78,1661,False
2017-12-11,156.01839541547278,109.13499999999999,1396,False
2017-12-18,155.1542474226804,105.145,970,False
2017-12-25,136.90309633027522,100.34,872,False
2018-01-01,155.153530269876,106.95,1371,False
2018-01-08,156.2952343308865,103.83,1771,False
2018-01-15,150.44928489042675,102.855,1734,False
2018-01-22,156.47802681992337,104.22999999999999,1566,False
2018-01-29,146.4897262889879,103.33,1571,False
2018-02-05,151.5928157216495,104.52000000000001,1552,False
2018-02-12,140.35072625698322,100.23,1611,False
2018-02-19,142.01097406340057,100.77,1735,False
2018-02-26,159.89085592769803,106.0,1881,False
2018-03-05,164.2137966932027,108.41,1633,False
2018-03-12,161.35555695405915,109.66,1589,False
2018-03-19,158.6101580796253,102.66499999999999,1708,False
2018-03-26,163.82400956284152,110.685,1464,False
2018-04-02,166.5119104665826,106.4,1586,False
2018-04-09,173.77665377176018,113.31,1551,False
2018-04-16,163.92774174174176,109.16,1665,False
2018-04-23,164.38510778443114,110.435,1670,False
2018-04-30,161.38824631101022,110.0,1762,False
2018-05-07,171.97067478437341,112.61,1971,False
2018-05-14,163.78626775956283,106.235,1830,False
2018-05-21,162.2559936575053,99.43,946,False
2018-05-28,193.65019426456982,117.63,1081,False
2018-06-04,168.35829727843685,113.11,1433,False
2018-06-11,171.25982142857143,112.96000000000001,1512,False
2018-06-18,156.62552033080635,109.72,1451,False
2018-06-25,160.08264178033022,106.76,1393,False
2018-07-02,156.72484848484848,103.26,1188,False
2018-07-09,185.74192307692306,122.0,988,False
2018-07-16,156.41405162064825,108.85499999999999,1666,False
2018-07-23,173.19492656058753,108.685,1634,False
2018-07-30,159.49339408866996,104.25999999999999,2030,False
2018-08-06,165.5905609382968,111.78,1961,False
2018-08-13,155.07404967602594,96.78999999999999,1852,False
2018-08-20,138.6954631379962,93.14,1058,False
