week,orders,customers,new_customers,returning_customers,baseline,ratio_to_baseline,robust_z,spike
2017-01-02,46,31,30,1,195.0,0.2358974358974359,-12.556772601151986,False
2017-01-09,78,76,76,0,272.5,0.28623853211009176,-10.87517022647563,False
2017-01-16,195,189,189,0,350.0,0.5571428571428572,-5.085219403051591,False
2017-01-23,350,345,344,1,359.5,0.9735744089012517,-0.23282536189390476,False
2017-01-30,449,442,441,1,369.0,1.2168021680216803,1.7059261236157781,False
2017-02-06,529,522,520,2,393.0,1.3460559796437659,2.5835744640519183,False
2017-02-13,393,389,386,3,449.0,0.8752783964365256,-1.15811220271641,False
2017-02-20,369,365,361,4,477.0,0.7735849056603774,-2.2318375204390293,False
2017-02-27,477,468,464,4,529.0,0.9017013232514177,-0.8995508645122566,False
2017-03-06,566,557,556,1,558.0,1.014336917562724,0.12375539323955285,False
2017-03-13,609,605,604,1,558.0,1.0913978494623655,0.7603423013086513,False
2017-03-20,635,623,622,1,563.0,1.1278863232682061,1.0462428875509489,False
2017-03-27,558,551,547,4,566.0,0.9858657243816255,-0.12375539323955351,False
2017-04-03,580,568,562,6,580.0,1.0,0.0,False
2017-04-10,437,435,429,6,609.0,0.7175697865353038,-2.8852991563731494,False
2017-04-17,563,554,550,4,635.0,0.8866141732283465,-1.0462428875509482,False
2017-04-24,665,665,657,8,665.0,1.0,0.0,False
2017-05-01,777,763,755,8,772.0,1.0064766839378239,0.05612459498787674,False
2017-05-08,779,770,762,8,777.0,1.0025740025740026,0.022348777267873758,False
2017-05-15,932,912,899,13,777.0,1.1994851994851994,1.5813129819704113,False
2017-05-22,772,763,752,11,777.0,0.9935649935649936,-0.05612459498787611,False
2017-05-29,820,813,801,12,777.0,1.0553410553410554,0.4682757298066222,False
2017-06-05,834,817,800,17,779.0,1.0706033376123234,0.5931026245623459,False
2017-06-12,741,728,716,12,813.0,0.9114391143911439,-0.8061681891083594,False
2017-06-19,655,644,637,7,813.0,0.8056580565805658,-1.8786661231377912,False
2017-06-26,719,712,701,11,820.0,0.8768292682926829,-1.142721857414311,False
2017-07-03,813,804,794,10,834.0,0.9748201438848921,-0.22170850696405522,False
2017-07-10,942,933,918,15,914.0,1.0306345733041575,0.26232889830363043,False
2017-07-17,948,930,913,17,921.0,1.0293159609120521,0.25119893978996755,False
2017-07-24,914,898,879,19,921.0,0.992399565689468,-0.06632804597373002,False
2017-07-31,970,957,940,17,942.0,1.029723991507431,0.25464450986038173,False
2017-08-07,921,908,898,10,942.0,0.9777070063694268,-0.19600085232990055,False
2017-08-14,1028,1010,993,17,948.0,1.0843881856540085,0.7043258449150319,False
2017-08-21,882,865,845,20,970.0,0.9092783505154639,-0.8268028854124654,False
2017-08-28,1001,984,963,21,970.0,1.031958762886598,0.2734916108527395,False
2017-09-04,892,876,861,15,978.0,0.9120654396728016,-0.8001961006441166,False
2017-09-11,1150,1134,1109,25,987.0,1.165146909827761,1.328802894281734,False
2017-09-18,978,964,940,24,987.0,0.9908814589665653,-0.0796372246869566,False
2017-09-25,948,939,914,25,987.0,0.9604863221884499,-0.35048995874822564,False
2017-10-02,987,975,951,24,978.0,1.00920245398773,0.07963722468695587,False
2017-10-09,1047,1036,1019,17,987.0,1.060790273556231,0.5130497063942236,False
2017-10-16,1125,1110,1081,29,987.0,1.1398176291793314,1.1377255417688554,False
2017-10-23,962,949,931,18,1047.0,0.9188156638013372,-0.7360909177533848,False
2017-10-30,917,905,879,26,1125.0,0.8151111111111111,-1.7772541934932766,False
2017-11-06,1191,1186,1163,23,1191.0,1.0,0.0,False
2017-11-13,1283,1268,1238,30,1283.0,1.0,0.0,False
2017-11-20,2972,2931,2881,50,1283.0,2.3164458300857365,7.302978381553519,True
2017-11-27,2077,2057,2008,49,1283.0,1.6188620420888542,4.187944578708629,True
2017-12-04,1661,1642,1602,40,1371.0,1.2115244347191831,1.6681363620558003,False
2017-12-11,1396,1379,1348,31,1396.0,1.0,0.0,False
2017-12-18,970,963,943,20,1661.0,0.5839855508729681,-4.676142625763909,False
2017-12-25,872,867,853,14,1566.0,0.5568326947637292,-5.090060531390728,False
2018-01-01,1371,1365,1333,32,1566.0,0.8754789272030651,-1.1561206665886943,False
2018-01-08,1771,1758,1711,47,1552.0,1.1411082474226804,1.1475638358235971,False
2018-01-15,1734,1713,1675,38,1566.0,1.10727969348659,0.8859395322472348,False
2018-01-22,1566,1543,1512,31,1571.0,0.9968173138128581,-0.027713346928611902,False
2018-01-29,1571,1551,1517,34,1611.0,0.9751707014276847,-0.21858271641759414,False
2018-02-05,1552,1522,1490,32,1633.0,0.9503980404164115,-0.4422851555755712,False
2018-02-12,1611,1574,1543,31,1611.0,1.0,0.0,False
2018-02-19,1735,1694,1665,29,1611.0,1.0769708255741774,0.6446556740381585,False
2018-02-26,1881,1838,1806,32,1611.0,1.1675977653631284,1.3470705909169496,False
2018-03-05,1633,1614,1577,37,1611.0,1.0136561142147735,0.11791841108180735,False
2018-03-12,1589,1575,1532,43,1611.0,0.9863438857852266,-0.11953983998006218,False
2018-03-19,1708,1695,1661,34,1633.0,1.0459277403551746,0.3903829845586291,False
2018-03-26,1464,1455,1418,37,1633.0,0.8965094917330068,-0.9497520897802425,False
2018-04-02,1586,1576,1532,44,1633.0,0.9712186160440907,-0.2538872378148527,False
2018-04-09,1551,1539,1497,42,1665.0,0.9315315315315316,-0.6166005940761284,False
2018-04-16,1665,1656,1619,37,1670.0,0.9970059880239521,-0.026067994252744395,False
2018-04-23,1670,1665,1616,49,1665.0,1.003003003003003,0.02606799425274505,False
2018-04-30,1762,1754,1702,52,1665.0,1.0582582582582583,0.492273858657643,False
2018-05-07,1971,1963,1899,64,1665.0,1.1837837837837837,1.4667603269204912,False
2018-05-14,1830,1821,1775,46,1665.0,1.0990990990990992,0.8214721700490919,False
2018-05-21,946,942,901,41,1512.0,0.6256613756613757,-4.076861462919796,False
2018-05-28,1081,1075,1035,40,1451.0,0.7450034458993797,-2.5591245203846444,False
2018-06-04,1433,1427,1374,53,1433.0,1.0,0.0,False
2018-06-11,1512,1508,1462,46,1393.0,1.085427135678392,0.7126512436830582,False
2018-06-18,1451,1447,1395,52,1393.0,1.0416367552045944,0.354643289191713,False
2018-06-25,1393,1387,1351,36,1433.0,0.9720865317515701,-0.24612173286027597,False
2018-07-02,1188,1185,1153,32,1451.0,0.8187456926257753,-1.7385752801864571,False
2018-07-09,988,983,957,26,1512.0,0.6534391534391535,-3.6992073379783634,False
2018-07-16,1666,1640,1590,50,1634.0,1.0195838433292534,0.16860978573657007,False
2018-07-23,1634,1624,1580,44,1634.0,1.0,0.0,False
2018-07-30,2030,2024,1962,62,1650.0,1.2303030303030302,1.801854346514582,False
2018-08-06,1961,1954,1907,47,1666.0,1.1770708283313325,1.4173202864165042,False
2018-08-13,1852,1844,1791,53,1759.0,1.05287094940307,0.4479036850551196,False
2018-08-20,1058,1057,1020,37,1852.0,0.5712742980561555,-4.867462166117127,False
