category,2017-01-02 00:00:00,2017-01-09 00:00:00,2017-01-16 00:00:00,2017-01-23 00:00:00,2017-01-30 00:00:00,2017-02-06 00:00:00,2017-02-13 00:00:00,2017-02-20 00:00:00,2017-02-27 00:00:00,2017-03-06 00:00:00,2017-03-13 00:00:00,2017-03-20 00:00:00,2017-03-27 00:00:00,2017-04-03 00:00:00,2017-04-10 00:00:00,2017-04-17 00:00:00,2017-04-24 00:00:00,2017-05-01 00:00:00,2017-05-08 00:00:00,2017-05-15 00:00:00,2017-05-22 00:00:00,2017-05-29 00:00:00,2017-06-05 00:00:00,2017-06-12 00:00:00,2017-06-19 00:00:00,2017-06-26 00:00:00,2017-07-03 00:00:00,2017-07-10 00:00:00,2017-07-17 00:00:00,2017-07-24 00:00:00,2017-07-31 00:00:00,2017-08-07 00:00:00,2017-08-14 00:00:00,2017-08-21 00:00:00,2017-08-28 00:00:00,2017-09-04 00:00:00,2017-09-11 00:00:00,2017-09-18 00:00:00,2017-09-25 00:00:00,2017-10-02 00:00:00,2017-10-09 00:00:00,2017-10-16 00:00:00,2017-10-23 00:00:00,2017-10-30 00:00:00,2017-11-06 00:00:00,2017-11-13 00:00:00,2017-11-20 00:00:00,2017-11-27 00:00:00,2017-12-04 00:00:00,2017-12-11 00:00:00,2017-12-18 00:00:00,2017-12-25 00:00:00,2018-01-01 00:00:00,2018-01-08 00:00:00,2018-01-15 00:00:00,2018-01-22 00:00:00,2018-01-29 00:00:00,2018-02-05 00:00:00,2018-02-12 00:00:00,2018-02-19 00:00:00,2018-02-26 00:00:00,2018-03-05 00:00:00,2018-03-12 00:00:00,2018-03-19 00:00:00,2018-03-26 00:00:00,2018-04-02 00:00:00,2018-04-09 00:00:00,2018-04-16 00:00:00,2018-04-23 00:00:00,2018-04-30 00:00:00,2018-05-07 00:00:00,2018-05-14 00:00:00,2018-05-21 00:00:00,2018-05-28 00:00:00,2018-06-04 00:00:00,2018-06-11 00:00:00,2018-06-18 00:00:00,2018-06-25 00:00:00,2018-07-02 00:00:00,2018-07-09 00:00:00,2018-07-16 00:00:00,2018-07-23 00:00:00,2018-07-30 00:00:00,2018-08-06 00:00:00,2018-08-13 00:00:00,2018-08-20 00:00:00
bed_bath_table,1,5,9,15,32,42,38,32,48,58,51,60,68,63,31,63,49,60,76,69,89,68,87,75,72,85,114,126,134,102,81,113,124,90,79,85,146,126,83,81,100,102,111,103,129,120,361,194,111,111,96,87,135,171,150,155,161,174,148,124,152,148,136,168,141,150,144,144,133,145,130,170,111,114,158,156,171,130,105,67,153,123,164,160,180,87
health_beauty,2,4,17,44,59,48,26,34,25,40,49,53,38,35,33,46,49,65,58,58,54,72,52,50,53,55,58,62,67,66,74,66,81,75,84,81,100,78,79,72,65,99,72,56,78,81,221,172,130,111,69,56,98,146,144,135,121,133,152,153,182,160,131,131,123,128,138,142,166,194,216,152,87,106,183,193,203,166,165,134,203,142,218,240,214,137
sports_leisure,0,8,14,31,34,50,22,29,42,30,33,48,34,45,38,42,62,63,47,73,66,45,62,62,42,66,69,80,67,85,81,85,96,84,80,80,116,105,93,105,93,100,81,88,93,91,204,161,143,114,80,46,92,140,143,117,153,140,136,150,170,175,157,138,129,136,130,111,115,113,130,123,51,75,72,98,92,89,99,54,91,121,132,116,135,74
computers_accessories,0,3,5,13,16,27,28,25,22,39,26,35,34,21,26,32,37,35,72,82,43,58,58,63,42,33,49,66,61,72,76,65,75,56,54,54,56,48,45,50,60,57,60,59,73,82,171,118,75,51,56,35,64,140,124,153,188,183,172,229,233,133,125,150,134,133,99,129,89,97,114,115,65,44,96,75,92,87,74,62,96,103,133,112,116,53
furniture_decor,3,23,56,42,57,53,51,56,81,55,59,51,38,42,26,43,45,58,41,65,40,51,41,33,46,52,61,49,46,64,76,63,80,71,64,69,62,63,55,52,56,67,63,51,91,94,225,140,89,79,49,53,112,113,130,85,66,57,95,95,115,101,84,100,89,105,102,127,100,112,128,133,63,60,52,76,71,87,71,38,89,93,101,109,100,49
housewares,0,2,4,13,4,23,17,17,29,35,40,50,30,34,24,25,54,52,42,81,49,71,63,54,70,74,47,44,46,64,65,55,52,45,64,41,68,48,43,41,46,47,39,41,55,61,137,95,75,59,51,31,49,79,72,81,73,61,84,103,87,84,73,84,69,75,97,110,107,111,130,136,75,95,112,113,93,107,84,57,116,131,177,156,177,83
watches_gifts,1,3,2,3,11,8,3,8,17,15,24,15,17,26,12,18,26,17,32,30,33,27,32,24,30,23,23,41,39,36,52,37,37,41,57,52,61,65,55,48,61,99,59,55,90,86,150,109,79,100,63,52,70,68,73,83,83,67,60,95,96,105,104,94,78,91,74,102,166,203,213,111,49,87,90,123,102,103,86,117,142,111,151,112,108,56
telephony,0,4,2,10,21,27,25,27,21,29,21,53,43,33,24,30,46,50,41,45,42,40,51,41,23,24,27,24,33,39,36,26,29,28,36,49,43,24,32,43,58,67,45,39,61,50,145,89,68,48,49,53,56,75,87,82,90,94,85,84,61,69,77,84,68,47,58,71,52,56,78,57,33,40,42,53,57,36,33,26,58,59,94,82,63,31
auto,2,0,10,11,15,33,17,16,9,18,15,15,19,17,23,16,21,23,21,23,22,21,28,27,22,20,19,29,27,25,38,22,35,22,23,18,22,26,28,30,35,31,26,20,44,38,97,74,79,72,46,20,50,46,74,46,68,52,88,83,73,63,78,85,73,84,79,79,71,74,87,93,36,38,65,53,68,66,57,50,90,91,87,129,100,55
toys,3,2,12,22,15,20,15,11,20,23,23,20,21,31,22,21,25,37,43,45,47,43,53,32,26,29,45,50,39,45,51,37,40,26,37,45,69,69,83,87,71,46,50,32,52,68,187,200,157,101,43,36,41,40,33,32,29,31,32,29,51,46,62,47,42,45,27,54,52,51,64,54,34,39,42,45,35,41,34,22,41,34,39,45,43,28
cool_stuff,1,3,5,18,21,18,17,13,22,28,29,28,23,27,30,23,32,44,55,65,45,56,42,49,40,54,53,61,50,34,56,65,52,44,41,42,47,42,53,51,58,62,51,53,63,55,90,68,82,59,30,35,59,76,82,48,38,34,52,57,52,56,44,61,47,50,47,42,45,58,46,46,15,16,20,19,24,32,20,27,26,26,39,39,29,19
garden_tools,2,9,5,20,14,11,19,18,15,25,41,26,19,25,23,21,24,33,29,27,24,22,31,28,15,18,29,25,69,25,39,37,61,29,50,43,51,35,41,56,36,43,50,49,56,65,215,72,86,48,36,59,29,48,48,58,45,67,69,39,55,41,42,47,50,40,43,62,64,71,56,65,29,26,35,41,23,48,33,20,39,45,28,43,36,17
perfumery,0,0,2,22,20,15,8,7,13,18,33,28,18,32,22,26,17,27,26,37,33,33,46,35,23,25,20,31,35,26,20,20,30,31,27,28,39,37,35,32,42,44,41,29,34,53,125,91,71,66,35,30,37,47,48,59,44,47,51,44,58,42,47,44,25,44,36,32,35,46,54,48,23,31,49,49,31,20,30,25,43,55,69,52,48,52
baby,2,2,9,13,10,11,10,5,9,11,10,8,8,9,5,16,14,23,26,24,18,21,15,22,14,14,22,31,36,21,29,22,29,31,34,31,45,32,40,31,36,32,19,29,35,40,65,39,48,33,28,14,42,59,44,52,21,38,40,49,50,36,57,56,43,44,63,55,43,60,55,59,26,44,55,47,50,41,37,32,45,62,85,61,47,30
electronics,0,0,10,1,0,5,3,3,7,5,7,9,7,13,5,13,15,11,18,15,10,15,8,11,6,10,21,27,18,11,15,17,7,10,14,11,17,15,17,8,10,13,12,16,25,22,61,71,56,49,32,32,78,73,79,61,77,74,72,78,62,54,63,53,47,47,43,38,58,48,69,71,26,29,39,41,42,44,22,27,39,35,34,48,27,16
stationery,1,0,3,3,5,11,2,1,6,15,11,8,19,8,9,6,10,17,13,14,12,10,8,8,10,11,17,14,14,21,15,18,18,20,9,17,15,16,24,14,15,22,20,24,33,37,46,53,43,57,52,47,99,126,78,50,44,36,22,32,47,34,27,37,30,26,33,38,27,28,30,33,20,25,42,37,30,24,26,25,43,47,63,51,42,25
fashion_bags_accessories,10,2,4,13,10,13,6,5,7,10,14,19,15,8,13,9,14,19,16,29,24,20,24,19,13,11,13,20,19,21,19,16,30,19,16,18,31,27,21,22,23,21,24,16,24,32,84,47,30,31,20,25,26,32,27,21,21,24,23,33,35,28,23,30,30,30,17,16,23,29,34,24,12,17,20,21,15,20,10,8,16,29,42,32,34,21
pet_shop,5,1,3,4,8,10,8,8,7,2,14,14,9,9,9,11,15,18,16,15,8,17,21,9,11,13,19,18,17,12,17,16,7,21,23,18,12,17,11,17,14,14,14,7,12,16,33,27,21,18,9,13,17,24,16,15,15,19,26,19,32,14,28,30,24,39,33,34,36,29,38,32,21,24,41,36,29,39,25,19,38,36,53,52,47,28
unknown,0,0,2,8,15,22,7,7,11,18,4,14,15,21,8,10,16,22,13,19,19,26,13,11,7,8,10,11,15,11,12,10,13,19,21,14,20,10,7,18,21,6,10,7,17,26,43,26,43,24,19,42,39,38,59,33,26,27,33,25,24,39,22,31,19,26,25,6,9,8,12,9,4,3,8,4,6,2,4,8,7,16,10,10,8,4
office_furniture,0,0,0,4,18,25,11,0,3,16,22,12,16,10,1,9,21,11,15,7,4,10,6,11,16,9,22,22,22,26,11,13,12,6,10,8,8,12,8,10,16,19,17,17,16,24,12,16,15,12,4,4,19,25,26,29,21,21,3,15,42,40,36,22,31,16,22,26,20,15,22,21,18,12,14,10,19,12,10,11,23,11,15,10,5,1
consoles_games,1,1,5,11,9,3,2,7,10,10,13,9,6,5,1,5,3,5,4,9,7,4,4,5,10,5,6,8,9,18,14,9,21,26,30,14,11,3,21,14,26,27,23,25,13,13,66,26,17,28,16,19,18,13,14,7,7,10,14,14,17,15,12,9,9,12,11,9,6,9,10,13,3,9,4,13,8,18,11,7,10,13,8,17,18,12
luggage_accessories,0,0,0,3,8,7,2,4,4,7,8,8,10,10,10,10,15,9,11,17,18,19,14,14,10,14,16,21,10,18,15,20,10,8,11,9,10,12,7,16,11,12,11,11,15,20,14,9,20,6,4,12,13,28,43,27,17,14,13,10,7,14,10,14,9,9,13,14,14,11,11,12,8,5,11,10,10,3,8,10,13,15,18,22,18,9
home_appliances,0,0,0,0,0,1,6,0,2,1,4,2,0,2,2,2,3,10,6,5,2,8,7,10,11,13,5,3,13,12,5,11,16,6,17,1,0,3,2,2,2,3,1,0,1,1,10,18,7,0,1,3,4,9,9,3,8,9,7,15,14,17,14,23,13,24,37,25,19,10,12,22,13,17,14,15,12,17,14,10,21,19,23,19,25,9
construction_tools_construction,0,0,0,0,2,1,1,0,3,0,0,0,0,0,0,0,0,0,0,0,0,1,0,2,0,1,1,2,1,1,1,1,2,1,2,3,3,0,1,5,5,1,0,4,4,6,18,13,4,5,2,4,10,6,9,8,15,14,6,17,17,7,12,16,10,16,16,23,15,15,30,21,17,16,21,27,26,28,18,15,22,29,35,26,40,29
small_appliances,0,2,1,1,6,12,4,3,8,5,8,7,7,5,2,8,4,1,2,6,4,7,4,6,3,9,6,9,7,7,9,6,9,6,6,4,14,3,5,6,11,5,6,3,3,6,16,8,10,7,4,2,13,11,8,13,13,5,6,6,11,9,10,8,6,20,16,10,10,8,11,9,8,4,15,10,10,8,9,6,10,6,8,10,6,3
musical_instruments,0,0,0,1,2,1,2,1,3,2,2,1,2,3,4,6,2,5,2,4,6,4,4,2,7,2,4,7,5,8,6,2,5,6,10,4,6,4,6,2,4,11,3,4,8,5,19,11,11,13,7,5,12,17,7,12,11,7,11,8,8,11,11,18,9,13,14,14,13,11,18,18,6,13,10,13,5,13,0,10,9,9,12,16,8,5
books_general_interest,0,0,0,1,2,3,1,3,4,6,4,2,3,1,2,7,2,4,7,3,4,4,7,3,4,4,1,1,5,3,5,9,2,6,10,4,5,0,4,1,2,2,0,5,4,6,13,13,8,10,9,8,8,14,8,8,6,6,9,5,11,3,12,5,7,8,5,17,11,16,14,16,2,4,9,7,9,6,7,2,5,8,11,11,7,6
home_construction,0,0,0,0,0,1,1,1,0,1,2,2,0,1,1,2,1,1,1,2,1,1,0,1,0,2,0,0,0,1,0,0,1,0,0,1,5,1,2,3,6,2,4,1,3,8,15,11,7,11,3,3,3,10,5,8,5,7,6,8,10,5,4,10,11,14,11,14,19,13,10,13,13,19,13,16,13,11,13,11,13,15,11,20,10,4
food,0,0,0,2,1,2,4,2,1,5,10,2,5,4,2,1,0,1,0,2,0,0,0,1,0,0,1,1,1,3,2,2,1,2,0,1,3,7,4,5,1,1,2,1,5,1,3,3,4,1,3,3,2,4,3,9,4,3,6,10,10,7,10,10,5,5,6,9,10,11,10,14,4,2,6,9,3,5,11,11,13,17,18,23,35,26
furniture_living_room,0,0,0,3,9,3,0,5,1,4,5,6,4,2,6,1,0,10,5,4,7,4,6,2,3,1,4,11,4,6,8,3,3,6,3,3,4,1,2,3,4,5,1,4,3,3,14,12,4,3,1,0,2,5,7,4,7,3,6,4,7,3,6,3,3,6,2,8,7,4,2,4,0,4,5,7,6,9,7,9,16,11,17,12,8,5
home_confort,0,0,0,0,1,0,1,0,1,2,0,3,6,2,0,12,1,7,4,7,9,7,7,2,4,3,6,12,6,2,4,7,2,3,9,1,3,12,4,6,7,8,0,7,3,5,14,11,3,4,1,1,5,4,3,3,2,7,5,5,4,3,7,4,4,5,5,2,2,1,7,5,6,0,7,2,2,3,1,3,9,7,8,4,5,1
audio,0,0,0,0,1,0,2,1,1,7,2,1,3,2,1,2,4,3,3,6,3,2,2,5,1,3,1,4,1,1,2,2,2,1,0,3,2,2,3,5,8,9,7,4,5,6,13,7,1,8,4,4,2,5,6,8,8,2,1,4,6,5,7,9,10,5,8,7,7,3,4,8,1,5,1,3,8,5,1,2,13,4,4,6,6,8
drinks,0,0,0,0,0,0,0,0,1,0,2,1,0,1,0,1,0,0,0,0,1,0,1,0,0,0,1,0,0,1,0,1,1,0,0,2,3,0,1,1,2,3,2,2,1,8,4,5,6,7,7,7,14,13,2,7,7,5,10,7,4,6,3,4,6,4,10,5,8,9,10,5,9,0,8,12,8,2,2,3,7,2,9,8,6,2
market_place,0,0,3,1,4,6,5,4,6,7,2,2,1,6,1,5,8,5,3,7,1,6,5,2,3,3,4,3,2,3,5,6,5,6,3,2,4,2,1,1,5,1,3,4,1,3,2,1,3,3,4,1,2,3,2,1,2,7,6,6,3,4,1,4,4,2,3,5,4,3,6,3,1,1,3,2,1,1,0,1,0,3,1,2,3,2
books_technical,0,0,0,0,0,0,1,0,0,1,1,0,0,1,0,0,0,2,1,0,0,1,1,0,0,0,0,0,0,1,2,2,0,3,3,0,6,1,2,1,0,1,2,1,0,0,3,3,2,1,0,0,1,1,3,5,10,3,6,5,7,5,2,6,2,4,3,3,10,16,14,14,10,4,6,6,11,1,8,4,6,7,8,11,8,4
air_conditioning,0,0,0,3,0,1,9,2,2,5,4,3,4,3,3,4,2,2,3,1,0,1,3,1,3,2,1,1,2,0,4,3,2,1,3,3,2,0,2,2,3,4,0,2,2,4,4,4,2,0,0,0,2,3,6,8,4,1,4,4,3,3,6,9,4,6,4,3,8,2,4,7,1,0,3,4,1,2,2,1,3,6,10,3,2,4
kitchen_dining_laundry_garden_furniture,0,0,0,1,0,0,1,0,1,1,0,2,0,3,2,1,2,2,0,4,3,1,1,0,1,1,0,2,4,2,2,3,2,0,2,0,2,2,0,4,0,4,5,2,7,4,12,6,4,3,4,3,4,3,2,6,9,3,0,5,4,1,3,3,4,1,5,5,7,3,1,3,3,3,4,3,7,4,7,2,4,6,9,1,5,4
fashion_shoes,0,0,1,0,0,1,1,0,2,2,2,5,2,3,4,6,6,4,5,5,5,6,3,4,3,4,2,3,7,4,4,4,7,2,2,1,8,2,2,1,3,7,2,6,2,1,9,3,1,5,3,2,0,1,3,2,1,3,1,5,2,3,3,3,3,3,2,2,3,3,2,2,0,6,3,2,2,0,0,1,3,0,1,1,1,1
home_appliances_2,0,0,1,3,4,0,0,0,1,0,1,0,0,0,1,1,0,3,2,3,1,1,1,1,2,3,1,1,0,3,1,2,6,4,2,3,0,3,0,1,2,3,3,2,1,4,4,4,3,2,2,0,3,2,1,2,6,4,7,4,4,1,4,3,5,3,6,6,6,7,8,5,3,2,5,1,6,5,3,6,9,3,5,3,6,1
industry_commerce_and_business,0,0,0,0,0,0,0,1,2,0,0,0,0,0,0,0,0,1,0,0,1,1,0,0,1,0,1,1,0,0,0,0,2,1,0,0,1,0,1,1,2,1,0,1,4,1,0,2,1,3,2,3,6,3,3,4,5,5,9,8,3,5,3,7,9,14,9,7,13,6,14,12,3,7,4,4,4,6,3,2,7,0,1,3,2,4
construction_tools_lights,0,0,0,0,0,0,0,0,0,0,0,0,0,0,0,0,0,0,0,0,0,0,0,0,0,0,0,0,0,1,1,0,0,0,1,0,1,0,0,0,1,0,0,2,1,1,4,2,0,0,0,0,0,2,3,0,2,1,1,2,4,2,3,3,3,3,12,10,8,6,5,17,4,7,9,4,8,10,5,5,16,9,12,21,10,8
food_drink,0,0,0,0,0,0,0,0,0,1,2,1,0,0,1,0,1,3,3,3,2,1,2,0,0,0,3,1,2,0,2,1,3,3,3,1,2,1,1,4,2,5,4,6,0,6,9,8,9,6,1,2,2,3,3,2,1,6,3,7,9,4,2,3,3,4,2,2,6,5,1,8,3,1,4,0,3,1,2,2,5,4,5,4,3,5
fixed_telephony,2,4,8,4,4,3,6,4,6,3,1,3,3,3,1,1,2,4,2,2,0,4,3,3,1,3,3,2,1,2,3,4,6,1,2,0,0,2,2,2,2,2,0,0,0,0,4,2,1,1,1,1,2,2,5,1,1,5,2,0,1,2,1,5,4,6,2,1,1,1,2,3,5,2,2,4,3,4,1,1,3,2,4,6,1,0
art,0,0,0,0,0,0,0,0,1,0,1,3,0,0,0,0,1,2,1,2,2,1,3,1,1,0,2,1,0,0,0,2,0,1,1,1,0,1,1,2,1,0,0,0,0,0,0,1,1,0,1,0,3,2,9,2,3,6,1,3,1,1,1,4,1,5,4,6,9,9,12,11,3,5,2,10,6,8,5,8,3,3,9,5,2,1
costruction_tools_garden,0,0,0,0,0,1,0,0,0,0,0,0,0,1,1,1,4,0,3,0,2,0,0,0,1,3,1,1,2,1,1,1,0,4,2,0,0,3,1,2,1,3,2,1,3,4,4,1,3,0,3,0,4,7,6,4,3,6,2,2,4,8,3,4,2,2,2,4,3,4,6,1,2,4,1,2,2,3,5,3,3,8,7,6,3,1
agro_industry_and_commerce,0,0,0,1,2,2,3,1,0,0,1,1,0,0,0,0,0,1,1,1,1,0,0,0,0,1,0,1,0,0,0,0,0,0,1,1,1,1,0,1,1,1,2,0,2,3,6,3,4,0,2,2,4,4,3,2,6,5,2,4,8,5,7,7,4,3,2,3,4,1,5,1,0,1,2,2,3,4,2,1,13,10,6,3,1,6
computers,0,0,0,0,1,0,0,1,0,0,0,0,0,0,0,0,0,0,0,0,0,0,0,0,0,0,0,0,0,0,0,0,0,0,43,15,6,1,5,6,6,3,6,9,2,0,0,0,4,6,3,6,5,5,1,1,0,0,0,0,0,0,0,0,0,2,4,7,0,1,3,0,2,2,1,3,2,2,1,2,0,2,2,5,1,4
construction_tools_safety,0,0,0,0,0,0,1,0,0,1,1,0,0,0,0,0,0,0,0,0,0,0,0,0,0,0,0,0,0,0,0,0,0,1,0,0,1,1,2,4,0,3,1,3,3,3,3,2,2,1,3,0,0,3,2,2,3,2,1,1,4,3,2,1,4,9,1,6,6,4,7,7,5,2,3,5,3,3,2,1,7,2,6,4,8,5
signaling_and_security,0,0,0,0,0,0,0,0,0,0,0,0,1,2,1,0,0,0,1,0,1,1,2,0,0,0,0,2,2,1,1,1,1,1,0,0,2,2,2,3,1,1,1,0,2,0,0,1,0,1,0,1,2,1,3,1,0,3,5,1,1,3,2,1,1,2,5,4,10,4,0,2,0,1,5,5,5,2,4,8,2,4,4,6,5,2
christmas_supplies,0,0,0,0,0,0,0,0,0,0,0,0,0,0,0,0,1,0,0,0,0,0,0,0,2,0,0,1,1,0,0,0,0,1,0,1,2,0,0,2,2,1,1,2,5,5,4,3,4,3,3,4,2,2,1,2,5,8,4,2,5,1,0,4,3,1,1,2,3,3,2,1,1,0,2,0,2,2,1,0,1,5,4,3,5,0
fashion_underwear_beach,0,0,1,0,3,3,1,0,0,2,3,0,1,3,1,0,0,1,1,3,1,0,0,0,1,0,0,1,1,1,0,4,3,4,2,2,5,6,3,1,0,0,1,1,1,2,1,7,4,3,2,3,1,3,2,0,2,3,1,2,2,3,0,1,0,1,2,0,3,1,2,1,1,1,0,1,0,1,1,0,0,1,0,2,0,0
fashion_male_clothing,0,0,1,0,2,2,2,1,1,1,1,3,1,2,0,3,1,0,1,2,0,1,2,4,1,0,0,5,2,1,4,1,3,4,1,2,3,2,3,4,4,0,0,5,1,1,1,3,2,1,1,0,2,1,0,1,1,0,0,2,1,0,0,0,0,0,0,0,1,0,1,0,0,1,1,0,1,3,0,0,1,4,1,1,1,0
costruction_tools_tools,0,0,0,0,0,0,0,0,0,0,0,0,0,0,1,0,0,2,0,0,0,0,0,0,0,0,0,0,0,0,0,0,0,0,0,2,0,1,0,2,2,1,0,2,0,0,0,3,0,3,0,2,0,2,1,3,5,0,1,7,0,0,1,4,3,5,6,2,3,2,1,0,1,2,3,0,0,0,1,2,4,3,4,1,6,3
furniture_bedroom,8,0,0,0,0,0,1,0,0,0,0,0,0,0,1,0,3,0,1,3,1,1,1,1,0,0,1,0,1,3,0,2,0,0,1,1,0,1,1,2,1,0,0,1,1,1,1,0,0,0,0,1,2,2,1,0,0,1,2,1,4,2,1,2,1,2,2,1,0,1,1,2,0,2,2,1,2,3,0,0,1,6,1,2,5,2
tablets_printing_image,0,0,0,0,2,2,0,4,1,0,1,1,4,2,1,1,3,2,1,0,3,3,2,1,0,1,1,0,0,0,1,1,0,3,1,1,1,0,1,1,0,0,0,1,0,1,4,1,3,2,0,0,0,1,1,1,2,2,4,3,2,0,1,0,0,0,0,0,1,0,0,1,0,0,1,0,0,0,0,0,0,0,0,0,0,0
small_appliances_home_oven_and_coffee,0,0,0,0,0,0,0,0,0,0,0,0,0,0,0,0,0,0,0,0,0,0,0,0,0,1,0,0,0,0,0,2,0,0,0,1,0,0,0,0,0,0,0,0,0,0,0,0,0,0,0,0,0,1,0,0,0,2,1,1,2,1,1,1,3,4,4,4,1,2,4,3,2,0,0,3,0,0,2,0,5,7,4,2,7,4
cine_photo,0,0,0,0,0,0,1,0,0,0,0,0,0,1,0,0,1,1,0,0,0,1,0,0,0,0,0,0,0,0,0,0,0,0,0,0,1,0,0,0,0,1,0,0,0,0,1,0,0,0,0,0,1,0,1,0,0,0,1,1,0,0,3,1,1,1,1,2,1,2,4,8,2,1,1,4,2,2,1,3,1,2,1,2,3,3
dvds_blu_ray,0,0,0,0,1,1,0,0,0,1,0,1,1,1,0,0,0,0,1,2,1,1,1,1,0,1,1,2,0,1,1,3,1,1,1,0,0,1,0,1,1,0,2,1,0,0,0,2,0,1,0,0,1,0,0,0,1,1,0,0,0,0,1,1,1,1,0,0,2,1,2,2,1,0,1,3,0,1,0,1,0,0,0,0,0,1
books_imported,0,0,0,0,0,0,1,0,0,0,0,0,0,0,0,1,0,0,0,0,0,0,0,1,0,0,0,0,0,0,0,0,0,1,1,0,1,1,0,0,0,0,0,1,0,1,1,0,1,1,1,0,0,2,2,0,3,0,1,1,0,0,1,1,0,2,1,0,1,0,3,3,3,0,2,4,1,2,3,2,0,0,1,1,0,0
furniture_mattress_and_upholstery,0,0,0,0,0,0,0,0,0,0,0,0,0,0,0,0,1,0,1,1,0,1,0,0,0,0,0,0,1,0,0,0,1,0,1,0,1,0,0,0,0,0,0,0,0,1,0,2,1,2,4,0,1,3,4,1,0,2,0,4,1,1,1,1,0,0,0,0,0,0,0,0,0,0,0,0,0,0,1,0,0,0,0,0,0,0
fashio_female_clothing,0,0,0,2,0,1,1,2,0,0,1,0,0,0,0,0,0,1,0,4,0,0,2,1,0,1,0,0,1,1,2,1,2,0,1,0,1,1,0,0,0,0,0,0,0,1,1,1,0,0,0,0,0,0,1,1,1,0,1,0,0,0,0,1,0,0,0,0,1,0,0,0,0,0,0,0,0,0,0,0,0,0,0,1,0,1
party_supplies,0,0,0,0,0,0,0,0,0,0,0,0,0,0,0,0,0,0,0,0,0,0,0,0,0,0,0,0,0,1,0,0,0,0,0,0,1,0,0,0,1,0,1,0,0,2,1,1,1,1,0,0,0,0,1,1,0,0,0,0,3,1,0,0,1,0,1,0,0,0,1,0,1,1,1,1,0,0,0,1,1,0,3,3,4,2
music,2,0,0,0,0,0,0,0,0,1,0,0,0,0,1,0,1,0,0,0,0,0,1,0,1,2,1,0,0,0,0,0,0,0,0,0,0,0,0,0,0,1,0,0,0,0,0,0,0,0,0,0,0,1,0,0,0,0,1,1,0,0,0,0,1,1,1,0,2,3,2,0,0,0,0,2,1,0,1,1,1,0,1,3,2,0
flowers,0,0,0,0,0,0,0,0,0,0,0,0,0,0,0,0,0,0,0,0,0,0,0,0,0,0,0,0,0,0,0,0,0,0,0,0,0,0,0,0,0,0,0,0,3,3,0,1,1,0,0,0,1,3,3,0,1,2,1,0,0,0,1,1,1,0,1,1,0,2,0,0,0,0,0,1,0,0,0,0,2,0,0,0,0,0
fashion_sport,0,0,0,0,0,0,0,0,1,0,0,0,1,0,2,1,0,0,2,0,1,1,2,2,0,1,0,0,1,0,0,0,1,0,1,0,0,0,2,0,1,0,0,0,0,1,0,0,0,1,0,0,1,0,0,0,0,0,0,0,0,0,1,0,0,1,0,0,0,0,0,0,0,0,0,0,0,0,0,0,0,0,0,0,1,0
diapers_and_hygiene,0,0,0,0,0,0,0,0,0,0,0,0,0,0,0,0,0,0,0,0,0,0,0,0,0,0,0,0,0,0,0,0,0,0,0,0,0,0,0,0,0,0,0,0,0,0,0,0,1,0,0,0,0,0,0,1,0,0,0,1,0,0,0,1,1,1,1,1,1,0,1,1,1,1,2,1,2,1,0,1,1,0,1,1,1,1
arts_and_craftmanship,0,0,0,0,0,0,0,0,0,0,0,0,0,0,0,0,0,0,1,0,0,0,0,0,0,0,0,1,0,0,0,0,0,0,0,0,0,0,0,0,0,0,0,0,0,0,0,0,0,0,0,0,0,0,0,0,0,0,0,0,0,0,0,0,0,0,0,1,0,1,0,0,0,0,0,0,0,0,0,0,2,6,3,0,3,4
home_comfort_2,0,0,0,2,0,0,0,0,0,0,1,0,2,1,0,0,0,0,0,0,0,0,1,0,0,1,0,0,0,0,0,0,0,0,1,1,0,0,0,0,0,2,1,0,1,0,2,0,0,0,0,0,0,0,0,0,0,0,0,2,0,1,0,0,0,0,0,0,0,0,0,0,0,0,1,0,0,0,0,1,0,1,0,0,0,0
la_cuisine,0,0,0,0,0,0,0,0,0,0,0,0,0,1,0,0,0,0,0,0,1,0,0,0,0,0,0,1,2,0,1,1,0,0,1,0,0,0,0,1,0,0,0,0,0,0,0,1,0,0,0,0,1,0,0,0,0,0,0,0,0,0,0,0,1,0,0,1,0,0,0,0,0,0,0,0,0,0,0,0,0,0,0,0,0,0
cds_dvds_musicals,0,0,0,0,0,0,0,0,0,0,0,0,0,0,0,0,0,0,0,0,0,0,0,0,0,0,1,2,0,1,0,1,0,1,0,0,0,0,0,0,0,0,1,2,0,1,0,0,0,0,1,0,0,0,0,0,0,0,0,0,0,0,0,0,0,0,0,1,0,0,0,0,0,0,0,0,0,0,0,0,0,0,0,0,0,0
portateis_cozinha_e_preparadores_de_alimentos,0,0,0,0,0,0,0,0,0,0,0,0,0,0,0,0,0,0,0,0,0,0,0,0,0,0,0,0,0,0,0,0,0,0,0,0,0,0,0,0,0,0,0,0,0,0,0,0,0,0,0,0,0,0,0,0,0,0,0,0,0,0,0,0,0,0,0,0,0,0,2,0,0,0,0,0,0,0,0,0,3,4,0,2,1,0
fashion_childrens_clothes,0,0,0,0,0,0,0,0,0,0,0,0,0,0,0,0,0,0,0,1,0,0,1,0,0,0,0,0,0,0,1,0,0,0,0,0,0,0,1,1,0,0,0,0,0,0,0,0,0,0,0,0,0,0,0,0,0,0,0,0,0,0,0,1,0,0,0,0,0,0,0,0,0,1,0,0,0,0,0,0,0,0,0,0,0,0
pc_gamer,0,0,0,0,0,0,0,0,0,0,0,0,0,0,0,1,1,0,0,0,1,0,0,1,0,0,0,0,0,0,0,0,0,0,0,0,0,0,0,0,0,0,0,0,0,0,0,0,0,0,0,0,0,0,0,0,0,0,0,1,0,0,0,0,0,0,0,0,0,0,0,0,0,0,0,0,0,0,0,0,0,1,0,0,1,0
security_and_services,0,0,0,1,0,0,0,0,0,0,0,0,0,0,0,0,0,0,0,0,0,0,0,0,0,0,0,0,0,0,0,0,0,0,0,0,1,0,0,0,0,0,0,0,0,0,0,0,0,0,0,0,0,0,0,0,0,0,0,0,0,0,0,0,0,0,0,0,0,0,0,0,0,0,0,0,0,0,0,0,0,0,0,0,0,0
