customer_unique_id,cluster
004288347e5e88a27ded2bb23747066c,A2
004b45ec5c64187465168251cd1c9c2f,A2
00a39521eb40f7012db50455bf083460,A1
011575986092c30523ecb71ff10cb473,A1
011b4adcd54683b480c4d841250a987f,A2
012452d40dafae4df401bced74cdb490,A2
012a218df8995d3ec3bb221828360c86,A5
013ef03e0f3f408dd9bf555e4edcdc0a,A1
013f4353d26bb05dc6652f1269458d8d,A1
015557c9912277312b9073947804a7ba,A2
0178b244a5c281fb2ade54038dd4b161,A1
01886ef98f995e4f2dd75a1d04c97397,A3
018b5a7502c30eb5f230f1b4eb23a156,A4
01c289bb06354cdc7e6549570f20ada4,A1
01f2285f85a1c603eb7ef755ad311769,A1
02168ea18740a0fdaaa15f11bebba5db,A1
0241fa2e9adf0576cb0f845377d05c03,A1
029b457bd01199c39136f89e0eddcd3a,A2
02e4c56fefa30628768ffe326d332e2f,A3
02e9109b7e0a985108b43e573b6afb23,A1
02e9827c15167f699df7bf90d326ffdb,A4
031ea691b99fc101dcad357d1a83573f,A3
032b3a42598667caf2e099999b9dc1b9,A1
0333b2fc6ba7014702e08ef613850270,A3
0341bbd5c969923a0f801b9e2d10a7b8,A5
0361e980b28826f4d286ac144d9b319a,A1
038301b43811478e1a8dc0e476eaf52e,A2
03d4953a455f8489e712ea80699de878,A3
03dabd77cb0ed7a26fafe19e36b67742,A3
03ef7f03905227e15c7b6c860554b3cb,A2
041caba6a63ace5818387698ea85cdb2,A2
043aee247e71edff7045664609f4d806,A1
0451ef5a31cea3e14ce02d768d7c9943,A1
0488328f0b499963e32a37fa42a20ca0,A1
048dbdf8f9bbd1be87b25868d1408311,A1
04be500031efe43d2defff8c41810543,A1
04d3c2795b83634312bf3f86f41f7901,A5
04e495a3f45df8b41be2e934bbc16961,A2
0509ab034845adb0b4c91b6f0e7b7260,A4
053b7090271ed4dacbfe0afd6382bbab,A1
05669445931c028d97b7c0637b5a2359,A4
059d1f5650f05d9fed9a6d941593f9b4,A2
05e52c1f96f8b83dd66dcdce679ff58d,A2
05edb10f73fe7d03959ff26540913b3a,A2
05ef855308303397f1427f29470bb6ab,A3
0621c2a5979d3e887ae519620cbe2926,A5
065938485846aa5adc196cb536de42e0,A4
065dcef61d5f66b30d2ee51b5343d023,A2
0697142614905a50813d854fa08b8eaf,A3
06d26e5230ac619719997a8cf435a69b,A3
070acf4df1234a6257809e4e79644481,A5
071bb277b0146da77fac31e70657815e,A2
071fb07419a29c8ba143831082e0320a,A5
07342638d0e0aad32c3cf0efc1a37ba5,A5
0751ebe1c05ef7a632934adae06c6d4a,A3
078f7e669cebf2fb640d0ad0dabb3068,A3
07b1b60bca2b6326fa2adb259ea4a55f,A1
07bd3d18ecba2420a8934b34a26f157a,A1
07f765655f560c8624267665ce23675a,A1
07ff81a9676efa0286ddd3f09e7c0063,A1
0802a1a217680f13264a70ddb7220823,A4
0807baeeeaa1309effbd9a9dee41ab17,A1
083ca1aa470c280236380973a48f77c6,A2
083ce299ea3fc1eba79bd0b17f64555b,A3
084be429c23e342acf5084ac6156d22e,A4
0895c61a77b305efdfad13596c749c60,A5
089bc915af34d9041b3a88a1aa84292b,A1
08b57f87bc889756ca453bf8106d48ce,A3
08c07c761592a71b85136aa4fe76a6f4,A1
08d8ad84b0088cbeae77da4ff3817479,A1
08e5b38d7948d37fbb2a59fc5e175ab1,A2
08fb46d35bb3ab4037202c23592d1259,A3
0937f85b7a96b6ad600405e9bf94255b,A3
0942eedfe0e865b2a80419a14672286f,A2
0981a271500799427cdf345e9121e20b,A2
09831ff6ab667f42521bcd4c22dc755c,A1
0994750c9c22a140010ed86aad2d044b,A2
099fad9e8f7dfbd0412c300bcc697e0b,A2
09baec50afccbb414f24bf8e0bc7c020,A5
09bc7afc3e8d8dccaffd0b16944a91fe,A5
09d74edf20acb4f9523fb1cf19a18456,A1
0a609db8d244100909a15d65eadf8539,A1
0a61b571f594b6919601bcf3380da7f7,A2
0aa1ab39ff2b837c05d7c9ff85b6d983,A1
0aadc1d26d1c8b88a52c39a533ccea93,A5
0abee71cd257861a0944e2a81cea4a50,A2
0ac4a9460c1baf3051ffec5c9021a499,A1
0ad1d79346c3b98b517348ecbbadfbc6,A1
0ad7cb4f48f2a2cf5080e3c19c7cf98c,A2
0b18593e033697810a62a987e77f4b8c,A2
0b3cf8a9362deaf8b870d49ae61f3ca1,A2
0b3dc7efaafb0cf78a4796d42fa8d74c,A1
0b402d6dd50694a118c642448e2cb086,A2
0b51518c7deffd54b13b007c9f91c3f0,A2
0bc9c245cd69735af23eefdd89d74e7e,A2
0bf1278577a2acf8532a031d98cd517c,A1
0c10e674d1504f959a7f2e504148c296,A2
0c1201c04330536234aaa49b396745d4,A2
0c32aa09e8eced3ea26c2a013b7b75e9,A2
0c4c416f1f9844e6805b074f8f96f52c,A4
0c8286526be3a0fc8f50b7267db95035,A2
0c8ac932c65f67489929f9164a86606d,A1
0c9abfaffa0ae7587cebfdf0d680e3b7,A4
0cc2ee1112a11a1094eff52fa2e87150,A1
0ceb502fc33a2ad327b08288c5310e2e,A1
0cf46588cd3f5a23002166b5a1945820,A4
0cfd915db480acd7d9a954409cabfb1c,A1
0d153268371aa25450d4117ff070277e,A1
0d4644eff058d75937ca1eec574bf87d,A1
0d51e04ae0b1d341e4f49812d1f4fbe2,A2
0d57344e9e4e9d16dc699cb417e50cb0,A1
0d7241c7fb49c1be6e75c9fe99e0822c,A1
0d997d092f93b5c58d0f9b4bd0643d16,A1
0dc81b520ef7db9cb44bb075e129dcf8,A1
0dd933d1e0253343083013791bf5d5e9,A1
0df55f5accedda71bda8f4c7f590951f,A5
0e06af8004ffd01a3461e768f9f659aa,A5
0e381ce773b382849206115413009851,A1
0e4d012fac3d20c033e0284fb6d2ea6a,A1
0e730550dfc5d7f1cea73484bb2e0249,A1
0ea353565cdde00e1d8352a08290a352,A2
0ee57f62666561b72f2ceacad0230cbf,A1
0ef7b906320b21fe4d39f99496aaa2d8,A2
0efd5025e6544ef110881866b945d0cc,A3
0f0e48a91c9c285404572b095bcb373c,A4
0f187f58097c5431d5244e1fe1383884,A2
0f1bd80ed58b9d0f45dca1bb396d8ac9,A3
0f26a77f8de836d7c44b4694e0fa3ea4,A1
0f5ac8d5c31de21d2f25e24be15bbffb,A5
0f64cafdb3e1e4806c99ff165305e27f,A1
0f9349a9da479b7e02c4cb4a0c73fb47,A1
0fd39b61ec94864f92e18e5d7144bc6c,A2
0fd475edfa0b61c59ecde6f89c21dedb,A1
0ffc908947e1f0c9f17647058b9a58c2,A1
1015173479527a15ccb63606a74f404e,A1
10351fa9e690ca750568e3c19978d69e,A1
1041688b50cfd8ef6df6086a1746a30c,A3
10b442e762ba8a5ad22de5ba2207e5f1,A4
10b58cbd6607267fd41812614367439e,A2
10bf8afdd66da75c386fbacf04c85710,A4
10d5890ed5e7ec78a7db23b5ac579b17,A2
110991b379efbcebb0d35cbd20bf9698,A1
1118a7bb7ba893f10740e22a23aa5bd9,A3
115030e27b9970683ad81cb05679157c,A1
118be57d1b7de439453a0c6625ad7934,A3
1197ba886110324a1519fff17dd8d1d2,A1
11b47516f8f6a42105b9807903ede333,A2
11e95918d6816403858e8314a3503f4c,A1
121b5a0ae9d09a2ca5e8090fd2a00a58,A1
124bc956b56b1523d2a75b29a856085d,A4
124ef8d5acc80858c69d34e3e08b572d,A2
125740359669fa63858476105a5d523d,A1
1291474366a550ebc251d9187e763d62,A2
12c54f6dfd4b723a6c76c4c989494422,A1
12d8b5ed661190a3a08183644dfc504d,A2
130f4a32887cc549621b3c6cf36bf77e,A2
133e20311ec257bda38f1798250d38c5,A4
13473af264dea0facd893d6516900b22,A2
13607978e0686d841deb64954c023495,A3
1372bab98f9966bcd4a6fa3e6df6dde8,A2
1373e04979cfa0fb2092909abbd57f25,A1
139093b1c6e7e3108ac0469ce43bfb99,A2
13abc50b97af7425b5066e405d7cd760,A1
13bf0b4120921402dff563cda4383ff6,A4
142575266950512b56af193f3962270a,A2
142dc6250eac579893595d9889411834,A2
1450ca0539e1e64a77c08ba841c8be94,A2
1477c54a1abe3610e3e9ab411801cecb,A1
14a188558af6cd5bc222ca773d395a7f,A1
1500da334da019c68fda219f942ba38a,A1
1506abf10c09a2872e24d79f33e4eb12,A1
151e9edb34867eaece4d6e7ae188f261,A1
155af62b6c947689a67af5c16acd5c55,A4
1581a918a58a11d99c69f86d9c0d2098,A1
1590457b4be348b165ff7030a6f94dce,A1
15a38a0c1bf789e06ec42d24e485e794,A2
15a52a044cbf18c87283f8c460ad5ccf,A3
15eb6c5aa4aa23cbdb42e119220d23ec,A1
1647c6dc2941bd075dc5dd3448807bed,A1
1650819cd492bbf4b9d189c7d4126475,A1
165d93a9d1da194b47da42c9cf810ebd,A5
16a909e83380bb2ae4676ca69ac30886,A4
16bd767d18bf82bb09fc51520f7ea5ab,A4
16c8e42089546fde55ed3caa46478e7a,A2
1741b0bef7ccbc530ba7287000d5f49f,A4
175b8225bdd99e95a64e07a6c06e8746,A1
176df29483e4fb6ce1d6dd1c824ad72d,A2
1772d62f5099be6942fbb3d3e881cc7c,A1
177c725937ae5f96171bb8b43f196dfa,A1
178a58ded2b9be43b90300e0e0e8e66c,A1
17a2d93cb1aab45e3d21d5eba7daaed2,A1
17c7da60a0690728119612a54035452d,A4
17e873c00e3fef97c9f1347c6681bd1a,A4
18186af785c301b05127a291eac901e1,A2
182053495bc94c2f41090ce8c41be266,A4
186638bdb0f600c9bf2bd60e4b14537c,A1
18753de7f8b65856d23473280e71ceb2,A2
18a65d67bb184e736656cc017f09f7b8,A1
18bc87094128bbfe943cf88adcf72059,A2
18d61a27f478cd6201df948578f814f9,A1
18e1192f2a6be73c4365dbc29eb7a6f7,A4
18e3d276253780b44b5b7bf83f6785ec,A2
18f17efd50fd7e9595cc1a40205c937c,A1
1912afd96bbe171633bb73727487ef85,A1
191525912e1a31a97bf8b481ce852f75,A4
191e0f453bea7f50ce1fcd514af38835,A2
194be31520cde5c527bad17720119e85,A2
194f1bab01e4e36f4255603e9a427b89,A1
19506c32fa96c6fa4505b4e3ad453b7b,A3
198ba72088fecd3caeaf2dca0addcfb9,A1
19be5923f7d998e76b9f3b1eb87c32af,A2
19bedfc18c92d4e7eb6ba318a6c2033c,A5
19cb65cc7310ae4eef4f15bb70539d01,A3
19de4cc79e2c2986e70b155b7631f61c,A2
19f735a9a58a187253055f9d4bcc2bb6,A2
19f8fcd23ed70e29220a6a2f13ecd911,A1
1a13743254d9c8e6360106295947932f,A5
1a24445f0e6006e4336ecba4ba576e4b,A1
1a27a558aac4c4bfe3642b8c9bffcf4f,A4
1a281fe9f53ee457dacd2c9e8ccf861f,A2
1a2ede4e787ad199c46719ecb02d81ea,A1
1a328a664417dc7cbff0ed7df49f5a3d,A2
1a68c22c23a52a35f499dbd3c5a020a6,A1
1ac4011bec2c0d9ce8eceb56bb1142c7,A2
1af3dcbc89998031651925e3994eab18,A2
1b2db8ab2d8e7b84b5455736fc9713f2,A1
1b5720c7b0ee7183c2eafe3dba65111b,A3
1b6c7548a2a1f9037c1fd3ddfed95f33,A2
1b6e96ed99cb8d135efe220d761bbd67,A2
1b765716e166ca699d20c4adc8bb0f7c,A1
1b7b7f9631cd453251d0b328c9b38a2a,A2
1b95e3fe033836c787689ae4b9516aa3,A5
1b9d0a0c0fd5211ae01a554419120554,A3
1bcbeccb2851888f299cf9a5dba8553d,A1
1c4531b533d17f3b316de441268e513c,A1
1c553721323d2cf153d114724b92118e,A1
1c628081cb579ed6035b9aa8614e69f4,A2
1c98969880c8c7c522bc4677dfce9384,A2
1ca845c3b11ba93c4ac5182ab9c1197e,A1
1cbda36ee89944baa7a738ddbdc4679a,A5
1ce1097b476f97ea37d805251c5c74ba,A1
1ce879e096d3c38f230acdab7165332e,A1
1d0be6ff723818bb810023b236405017,A3
1d39a7704cfb79b7cd820bc83e3de161,A3
1d72aaec15863f7532b2dbf4a5c4247d,A5
1d7e8be24bca64576da891970638bfe3,A2
1d95a47c2206919e1de2f8ff91065d20,A3
1da09dd64e235e7c2f29a4faff33535c,A5
1dcb4c54d17855c39899eb445551501c,A2
1e0926e360000226b237bf277aec3380,A2
1e433d2aca7584032f8f56d51643e605,A1
1f2c5059dad2c277b3b338163b49ca73,A2
1f90117a847636892e3c5bf569f2ac68,A2
1f9756abd497b76eeccb492bfe91df35,A1
1f98d2384ff7a372e6a2d3bb75cbcd54,A4
1f98e3467d2b48dfb44fc12b137d3447,A2
1fbd81e4d0a0cf9125ca038b43533b7f,A2
1fe11e8f0fa5bea7416ec09d6e8d2b4d,A1
1fea3244d38e951f0196b2728aee3bdf,A4
2004ba7732339d9be65f2236d8887ae4,A5
20282afdbe6cf22d5f5a956d8b5a3f78,A2
2028c90d6c4523ae70a285c44010258a,A2
204efc7a771f1a33fd28465082171f5b,A1
204fa49efb5913a76287284d6e096f69,A1
206b04b38a5dc8404458ec16edeca606,A2
208ed8bf578938c97d49b3429358a424,A1
208fe9aa6033a77419f8f503b7698e03,A1
20ae758fb6688386d9d1540f63d380e0,A2
211aaecea827d378c879c2b2f667c89d,A1
213b36024bb0b8261de0ffbd652ebc34,A1
21421ba1bd92005a3b48e6a745e9b8bb,A1
21559d7ff0ebff720e5e160184338fed,A2
21560f93adbd9ada040a40909ac8619d,A2
216ab90e27f18940cfac8f9f02fb4239,A2
217394922e43c19740ea4464e63ca8e0,A4
21a2d9dc71459dbd3dad219cb9681964,A5
21bde4e982c4681021edabb899bcebfe,A5
21c8aa0cb27943cbf33d75985e28da67,A1
21d3f0a4bf0cccf65dcfe93b8325d250,A4
21de770aa4f3a60388b97b416ad38343,A1
220bcdd6ae284ed1a273d99003fa8a0e,A3
221ae88140600106a982acb69a0add50,A1
221d59abddcd719f3ec72c50078b9e31,A2
2280ecb8db2591c39d1c7d3e9caa115c,A3
22ac8971f405f9520b3e7cf37e042ee7,A2
22f6af8201369f9eb96592db3142b9c2,A1
230b7f6050862e4d39911debaa3088ef,A4
231d36f5c4b238c26f449ffd98c79180,A5
23339103d82a054f9729b0554ce22e8c,A1
233c8f191c45cef30af148a82ac70020,A1
23b2d37ef78f3c8dcb31f5eefc30190a,A4
23dc3a062c6c097bcb3940a909e7730f,A3
24072811917876a84c81166f96aed0c1,A1
240f980f7c03e873c538e86792646919,A4
24115a0c9fc9115c586e54fd5f42e8d1,A1
24259224caf748993c177ebf964c2e6e,A1
24391449252cf6db04ce271b2a208d83,A1
243b99bd9ed8a3f460e7289d0a8df291,A1
247e0dcd20596bee51bd2b07f633fa04,A1
24d27f115e367d9129a0e7a7a5d36866,A1
24d9e83fe11e4390b69e1afb2b93f5ee,A2
24fb2954f8c6cdb4b900ed8db6dc88e2,A2
2516f43838c4892e066fec28143efa64,A1
251e658613a224723f8a077946183b20,A1
255ac312f5ceb97163ec60f0db2eee11,A1
2587f2fbf466ff9e409952f2feba0005,A1
25a1ad8a564d758f233c587cc657aa4b,A2
25a560b9a6006157838aab1bdbd68624,A3
25bd804c580bc1ee0c93d073fae09a84,A1
25f24493ded5ebebc26a69b5db344e35,A4
2642f11f7c5588a63213b5e67e8ad0a7,A1
26a6e3e036636ef1d5636f98b66094cc,A2
26d1b63e9b8478f84f87188c4877049e,A5
26e025af2347c3968f6a578f853a9da2,A2
270c0ad2a232e4a10be51000bc69eb03,A3
27259fad9054fce994a70f1d117bc402,A1
272f0ffe236b0bf765e14f5a2b577a6b,A2
27517ed34c0406fe07b3a806e33cbc10,A1
2767f1bba0529fe3f48378c05ea40f0f,A2
27d59fe7ff2ed894f826fd4a7e5466ea,A3
27e86d2ae0db33b8d242c9251067d97e,A1
27eecff5a6338f7c36c78ad05eacc575,A5
280c34dc057ff9f3cd17360673d4b87c,A2
281e1e72207e518c29b249a1361a775d,A5
282d49fddab8e95a8673a2a90072cf5c,A5
282dc4abbf2759fb9bb77217f5cd6c4c,A2
286d8f01f94a8061cef05c7c49efd8a9,A3
2878289928927b75d078057c8d91405f,A2
28ad66c8baf13c85d2a936d0b06e73f6,A2
28aea3e12549a3611bbd8d4e3310e4fa,A1
28da99e178f274876e3052c1740c6c87,A3
291d020953194db1b8578ff8d9959c62,A1
294e0922aa06792eea5094656727c0bd,A1
295c05e81917928d76245e842748184d,A2
297ec5afd18366f5ba27520cc4954151,A5
298c3e1a698283a45f1c94df3942bb3b,A1
29d72fba272ad06ed0b2ac6351da042f,A1
29f8e372b3b1d42ad2e00a0b976bfc34,A1
2a17d0a71f5910d7207819f9ca9ec12b,A1
2a34af7c4b1b83d78b14cf6b9c32c3b9,A1
2a36404701b15c414647a2ec2102baba,A1
2a3d4df1de5c9feee497328298916d41,A1
2a3f4536e732a04cfad59b6e50c2e925,A4
2a7f837de6a1999e457b8e3c5619156f,A1
2ac4312997e09e6770fd4c3d52adf77a,A1
2ac6f6d09c75bb721defa2eb7a4f52a1,A3
2ae3c67452283d5a0d30b32e0d33296e,A3
2ae6a57dcdd2f1424598fc480cbf698a,A1
2b0d2a4ffe3906cd18019c2463cfeee9,A4
2b161eaf4956b131691842e87b3c39c7,A1
2b174670dbec666bbc68b6e2a4062740,A2
2b19910e856b2ba3e7257e63a093a3df,A4
2b4871f788b44ee004ec2c7fc7cd420b,A2
2b4efa2bb0d9e62ee5e197cacd93c0d6,A2
2b5ffb4c42d26e466ad575ecce365aa2,A2
2b6ce149982204423f4efac29701255a,A5
2b775b75afa0be08220fb73a7e68df3b,A2
2b952792a20f6076f6e7a9c6a27ade02,A2
2b9bd15bf8e54b231c518790c55e5f92,A4
2bd9d2f3cc5d99b1b3d9ff5acd81bd5e,A3
2be5dce8b491a7bc6a65d6e91bf49812,A2
2c14db46aee6245ff5a01f7f69544f73,A4
2c3ed77b92cba1f5622b5ccaa1792b8b,A1
2c45ab66a3dae52960147e76a35740ff,A2
2c6a91479a7dc00d8c9d650d8dee88ca,A5
2c961ee955abb3ac9a80babd54ed4156,A1
2ccc5d0620e07e3b54b83848c31a08fa,A1
2cf396c9e24e7627ff042cccb209b9e6,A1
2cff422ea56f68a1e1bdce4371b88d66,A3
2d14556024f4bbe01f147576097c42fe,A2
2d49eaf79111ff286fe657aadbed5a28,A2
2d5e5796e7901464c00407e69739c6db,A2
2d7c6bd64b139f0f40968dd19c629532,A1
2dc7f51f05ba1b1a92608e45e55d1fe1,A2
2dcbfb99d95c7ba6eb992a98627f45b8,A1
2dd7f52683f631651a5d94056935e1e1,A1
2ddaeeb8948d70423c3326843412fccf,A4
2ddc001b620bd90d0f4378cfde1db887,A2
2e08911037fe7ec67377711eee1fdbf3,A2
2e0a2166aa23da2472c6a60c4af6f7a6,A2
2e366b0c6451864364bab2e7917ca1bb,A4
2e49a3bbeb76297ee0ff49df39c2456c,A1
2e7c511f54e9d94776c606007d672a22,A4
2e9399fc2fe209771a6f719e14bdb6fe,A1
2ef9e79cf6bf3c0dac3b48c8dd46259e,A3
2f118e666b41b76a61d8cdbbc19f7735,A4
2f1ae2ed6bbc4661d04c271560570c54,A2
2f293b442348c20d12aa4537bd3d7234,A4
2f2f4b5a5700a5b108e6da7f0f5f5bb3,A4
2f679a526d3b619beccc26a3d1435de4,A1
2f7c8c8386941ce0ef458ca7ff304123,A1
2f87ccd8d2d676d667a844ee5c6a17bd,A4
2fa63db193ecb500d4058cae36026f8f,A4
2fb6dae4fb3a2f917940978144362cd2,A2
2fd07dc5dbae616986e00fb72e7a779b,A4
2fe074ea3cc24b8fd57d29effc995f8b,A5
301a6d74a3eb7cd8e3508a045b8fa2e1,A5
30a81e307f19e822e7199139fe52b1b0,A3
30b782a79466007756f170cb5bd6bbd8,A2
30d2d6693d77801c2bcdfafbba202462,A1
310647380793836bfa5b7b6b3f518423,A1
313febe2adc914a7cb3f6e903f8e13cf,A2
314259ece6a9207c6fc02d925fc996b9,A1
3170ebd8b32a5e2102c9d75e0a7f6d74,A1
317f563ca3576550955f39a346b15be5,A1
318b8659483e12e9cbe1e6550d97f9d9,A4
319aed7fd576c317a96b55a991befb3e,A3
31aa2034dc4b34b06487e22a53b4a07a,A1
31bfa97f1ea0663a50ebc5c811ebdf4d,A1
31d332d20895c5c0baefe55207a0fead,A2
31d958dffbf0b744375b5ff0393e6fb3,A2
31e0eb64c5eb715aab04433200ea4ed5,A4
31e2e13cc64f2a3bd9dbde22bbad06b2,A1
320e13a9e22b4e4cda8c17ed1c140ce0,A3
323ff9fd6b4a3edcdf3039e1fb213eb6,A2
325e19085f3017b73be3d9fd98a93301,A3
326489271c23dd3128b4480220e5232a,A1
3279712e1ea8d52462488b4fb9dd7014,A1
327a01a6885ecfda06a3d5c50fb515c3,A2
32c3312cd5a2dddfdcbd359694cd7ae8,A2
32ea3bdedab835c3aa6cb68ce66565ef,A2
32fb60e2ce6a1f62eeccbc2d33046072,A1
330fdaa06f93c0c6ffb4af7d79c1ef12,A3
33176de67c05eeed870fd49f234387a0,A5
33416ee3d4fa56400ec814d7b24bde02,A2
334293c291f43a6aa85020f8597a171f,A1
334d0235ca6f2f09dd55804a26efe952,A1
336421b86cc4259a58106da261e0e000,A1
339c527109c4c03e8e09bd4b593dab5f,A2
33aa371b7512b6a9fede4f231e212226,A4
33aca86429de0f71ff7118b93bb09712,A4
33b141e373b4f251b033f9ed33d6974d,A2
340d924858c395848c127b3e772b6bfd,A2
3442a61b2d5bfd9d605d6943701ad650,A5
3443f8095ad309eebbdc8caa8b2bf936,A1
345759b8cb3d30586551de1ca6905df0,A5
345817899c325d8b41c9e88011a8ab43,A2
346534c8088852932d947f4b8fea3959,A5
34b0cd95480e55c2a701293a2b9671b3,A1
3504bea0c72ad9e945b63f889702d2d4,A2
3511aa3ff5fb9645041bf1875415142d,A3
354004e1432bff6f9008ce0a5afd732a,A1
355ae139c8a163fb77c065a2d1403ed9,A4
359bacb2b5c52b4287667a7bc6c7bc63,A5
35b45b906d1450b3540dc96692f58583,A2
35c62cb24d4c38a9d121fed1a43b2237,A4
35de25c73544f00e8adde226a4d1bdcc,A2
35e9d2caa31b87cc3d1ad10d72271140,A3
35ecdf6858edc6427223b64804cf028e,A2
3633902a0addd1ffc74cbc13d96da288,A1
36445bb429c8bb13c3f8cd6794723647,A4
3648f9e5f51f679ed24deff1f031a093,A1
36cfec707344b75d20e6c7ef583c3b8c,A4
3724bfc68569cc4df876284536b8add9,A4
3725c5b8c1cf5ee69158f66922a862c4,A2
37266d5c6bf5cb0700372d16599a9b21,A2
372b41e8faa2819e0b6346b16cdf402b,A1
374fcbbfcf189ae177b2f955f9e74b3d,A2
37669671d35808111ab0d229e546221f,A1
377860a7242c2e503c926b76ab6e0a65,A3
3797de5ad80619a55a3c0a8a034f5ae6,A5
379a5698aeca26ff55abca9bc7fcaa4f,A2
37cc3e75e39bb11d75a1982ac0d07c17,A1
37d2d1ac62901f9a36cff32ca86c9337,A3
37f2527bb624e379f72a742154fdb762,A4
37f8e7062a53c1a0fca4f59f4c6b1429,A2
3871b0ab0166a2f441fa762f5206cacc,A2
387b38ebe598313ef56ef3df19b192af,A3
388661387449408a9ab88ea55c9f1a0f,A2
39104edef5e46d7b8c61848cc95e6d97,A2
394ac4de8f3acb14253c177f0e15bc58,A2
397b44d5bb99eabf54ea9c2b41ebb905,A5
39ce02a045b8e7b0329984df3109957b,A4
39d28c99c5382bfc238c047203595443,A3
39fff7cb5873a7116b02234bd1e6c6dc,A1
3a2681b8e4c9f2171aaade5d578f2cb7,A1
3a2d236fc85fdf338f179ca0cd725433,A3
3a41ac64aa715256d81e129f02b451bf,A4
3a43af6775cec872d9a3c80707eb3336,A1
3a4acf4c4c97cc25075d29f8d29f405b,A1
3a73ce6fc3b392e1ca609b5548418c36,A1
3ae522de6b23a3699ef105d4c4b3b82d,A3
3af90f255e824d1d53b3584a4e89ad58,A2
3b92b8617254e581d164b5d213d437a2,A2
3b93b770a314d48d7f698a09cab03370,A1
3b97119ab53db4ae0144dff13c2ee26b,A5
3bab949ef05da8e9b3cfd541b6af0ffd,A1
3bcd0ddf751cb9542efe9f6299fad626,A1
3be412c1321c061d6f85c5e41530ce2d,A2
3bfda42ef722cb59c430e6be0b68628c,A2
3c166bd80203dfb723ba32f64bedd87b,A2
3c25f47ab68536a1d3d6b29b9c8b7e63,A3
3c3dbbf3d36a7a4587efada79a3166cd,A4
3c555d15cca5369965d1759ad9530a66,A1
3c5e1130694632f44051b23fd86ad9e2,A2
3c884190b71bbb36aab161465ff1d2c7,A3
3cd4207d6ce944798257ac5953640a40,A2
3d4f12dece1264e5d6321f1b7f003336,A3
3d50a44231c2a153219cef76ee3e445d,A2
3d71bc3ae0c9f857ffe17636e0d59aab,A3
3d75cbf8643a1c15723adb850fb5f928,A3
3d93772915efa454a89bf52047b0b285,A1
3daa1c97a3155484f70c88b19c90dfb5,A4
3db6e5afa8e8178a29afc729855315e2,A2
3de0c9303f39b7ccfe69ca11aee19cc6,A5
3df4912077693dc7933267da9542825c,A2
3e3d56f9737c010ccb5b67c601a18b53,A1
3e43e6105506432c953e165fb2acf44c,A2
3e47025034c5a31cff56168ac0519f1f,A3
3e5306add1209e5ba184092dd1587282,A2
3e6658866cc636c1762c080ed56f44e6,A1
3e7bb77746c1489704b3e041860dfb6d,A1
3ea4185126195c34ed9949d8e406d570,A5
3edcab192482e9871c17b34cf98c3996,A4
3f00548d480f59bdac5e1ad8a68dcfe1,A2
3f1ae9854823f7c0a8027bd994b2ce64,A4
3f36fa15a16c4850992aa0f33561906e,A1
3f5534bf8c9378ee05b7dd684cb20e8a,A4
3fc38da1985b9e820504f0ad51abc8d1,A3
3fdc39171d444e1a1cd4da98ac2e4adb,A4
3fe3e628c6c7a15ae96416826a4c5952,A2
3ff874206f1d7d1e3ffe12bc9c88c27c,A2
4011b7579e894fa929d2de97b4928f41,A4
4041baa51d9eae8f5955ccd4f02bb044,A2
4046cc9e4828038b58ee191e1f713466,A1
4067ba7df47a2bcb753ae5f7530fc7cc,A1
40730ca1af9742bd0bdbcef270ff4c76,A2
407a6773db6e845737d04a6e27e653b4,A1
408aee96c75632a92e5079eee61da399,A5
408b1dc1bf28c3245e5eca9097e14b9f,A1
4092bf290aa60e4f2d4a0dcc2f38c954,A1
409379e6e577c89589dade402e6c2522,A1
410a0462acba9ae869f84450fae8a4ea,A1
41348c09a551501117e31f8a4149950c,A1
417021b1b4553c55daa22f17dbf37cdc,A1
4186b96df8197e7b4982a751c1dde3b6,A3
4191bcfd448dc07138d2951ea4d10008,A2
41b3ab6b1f95cbd2afb361e852a56917,A4
41b4af321ed477242aebe74652fd8219,A1
41d57ab847e5ccbe403f46b07ee577d6,A2
4220ae19dee604e8c1dddccd4e535502,A3
42398dee8f2098eec5579129cc1a6f5e,A4
423d40b193638955a782839886648464,A1
425634deb94b1080fc7d283f3a644941,A1
4291db0da71914754618cd789aebcd56,A5
42befda568ea0df110b6cec63c233bea,A2
4307ca57b237ef2790e2a99ebcf3c7db,A1
43255e3df6cda368809baa2fc72872c8,A2
432aa6200ee9673be90863a912dc91dc,A2
4377c22228de511d013c6a7560d58a2d,A4
439624e26bc73309799fd718773bdb8a,A2
43c73f9043398f0dd2163fc5f825e61a,A1
43dce1c46f91f3cd233905d0a8b19153,A1
43f9d5ace80c6d3c5c09544bc2fa8484,A1
44a22a3351d7f1bb3d337d1be11b41fb,A4
44adda057b51a700d1e287783b02516e,A1
44b49176f1aca9533b67f3eedab0b2de,A2
44b6bbfea26596437062a38c8e6bcec1,A1
44bd7571a7dad968306f7776bd5a5745,A1
44e64b7162915525578f601e73e72b16,A3
44ed2c2de63bfe22f6596547584d7372,A1
453c2895f29b6d9a47f8cb48e00b024b,A2
455b49402053f170c64a3ae7fced73d4,A2
455c17b35969ca198c17f2fc9e8eba1b,A1
456f6d64ecda1b968375d3a68eabfb5c,A5
4577881f7a6c10d8eb6bd7f7a82ffa86,A5
45ca4053806ecd0f595c633184e0ff61,A1
45cfc55a4d5073c50be858369454fc0e,A2
4658b26bcea972ed0b86a5f8c61718be,A2
4681829483318507ed55682649de6571,A1
46b061196b47dfe9318d38bab6a40ee7,A1
46da36c3df7118852b770394d1ba2be5,A2
46ed126bcf1df6e195dbc63d7c320983,A2
4702ba5faa8283e0f6b6a545cdaf8a9f,A2
4711348768db55c57a67aba080ead566,A5
473d9165586cfc6708841d07adf6c020,A1
47544c4d42f988172faedb4b05231671,A2
4755e6cf97a25760ab159e0457c84a29,A2
4757b4d81eaab4d270e585126410dc5c,A3
475cab480951109dec3ad6f770167fa5,A1
475d4eb16efe698064c2966acd62584c,A1
47a71b49f98984efd3c62cb213f977e8,A3
47c1a3033b8b77b3ab6e109eb4d5fdf3,A2
47c89a36acb8a73127ec91d0542289b5,A1
481060b29de0e9b3d7f4b2991cfb0767,A1
4820f42c8203dcad5d2c17cf363048b0,A2
4827d6a02f010b9505e4af04c7fac522,A3
483b26e1bf0f4797e5512d8849d90835,A2
485b849ef839f0f401da8bfdc7ac2781,A4
48625b68a29dcfc3aba4b5147e0625aa,A2
487b72af97cd4e1dcdfae25627f3ea8a,A4
4897a3c64a635a703a71dd2d9189bffa,A2
48fd7dec70f2b104a1d5e8c5c639102b,A1
494e887fef923d79982b3c0e1ab49cdd,A2
495fe7ae31686381c8145b2936e761dc,A2
4962136f755981b83b03f476e66eea7d,A2
4985c6f86aaf1460d9b6fdc74465a5a5,A4
49c6b1ee895e59043bcd5e2135f08355,A2
49cee01774f85ef576192e1038cf9cc6,A1
49d1599dd80dedc213037342bbe43fd7,A2
49d602890c664bcee124fa70e94d9fb1,A3
49e6749fd8bf4a9218457eb19a92e200,A2
49eb3e27a6fc361609658d710948cef7,A2
4a433c62dfda8104d295307e855c82a7,A2
4a6ccb379c9e5062ad3ce2324222fbf3,A3
4ad4d9be004941fb8e0ffd31ddbf1f3c,A1
4b1141303289a23d05776bd25076c2fd,A4
4b384b778ebc0449d0244902bfce7beb,A2
4b979b432abe14a88cd0cde893952677,A1
4bbaf6f7a10a7e26a8777aa5cb6d5864,A2
4be8154b42b4593fae17f1b2cb375615,A3
4bf3d072dcf303280e82dc697b516c6f,A4
4c112bdeac93a04155c340b65b35c232,A3
4c116f8ddec984371284ab7bc860001a,A3
4c3d123168c78dcca6cde5a7274430a5,A3
4c4b5dc90eb4e33188153ca3e7999f92,A5
4c5200f7d135c94fcd304cdd0af9837a,A4
4c5ae17e8984ca0916543b159eac0f2c,A4
4c93744516667ad3b8f1fb645a3116a4,A1
4ce423721c74231c174d0bb22367645a,A2
4ced1b9f8668a9792e5484da6d97b229,A3
4cfa5155cf7cff8eb15e0b12041d058e,A2
4d28234ccc945685ca892f6184032215,A3
4d5cbb095f36a674f6f4a852959ad11d,A3
4d7b6c39aa3c7b53acb8058e4094a593,A4
4d98a16aebfef3772cc4d547bcae8761,A4
4d9e104764077f7dfae917c7cc803212,A2
4dcabe94c61f202327839a734955b0cf,A1
4df9aee56fa602c72756abb22ee60b17,A1
4e15fee963523774998876e3624952f4,A1
4e1cce07cd5937c69dacac3c8b13d965,A5
4e23e1826902ec9f208e8cc61329b494,A2
4e2d666f4bbc94a8ded712172a433d65,A2
4e39429218dac10ad4e57dafee3d92d4,A2
4e4b787733d41ea0cb9b69a192bb285e,A4
4e65032f1f574189fb793bac5a867bbc,A2
4eda116add853323e439c104b7d0824c,A3
4ef6c02126b21225e011b242f9f79c6f,A2
4f011f45db425dcd3be79d4c11e9ad05,A2
4f0c8db463d2261888faa81900eb33c1,A1
4f2029f4e7aea8455f5c1cb9de0b7ccd,A4
4f223a62631b82cfb22241007bbd60dc,A2
4f477c554c5bd165f95d62b409ac6425,A2
4f4943d1a8ac2c4a65d4fba25ee8c0bb,A3
4f4d2fe2987efa0b9e4e61a466e8ed8b,A2
4f88e6285f805c9a823ba23291a65ca3,A1
4f8e0cd35c770318d9e8874c2956345a,A5
4facc2e6fbc2bffab2fea92d2b4aa7e4,A5
4fcf7b9d6a54ded837b9a0ff601bf7ef,A1
4ffd7cf05f22d7a320750a2f9e73f665,A1
507dc9becd4fc65635d90682dfa9d3a3,A2
508f416faa150cd3249d045d81c93399,A4
50a662e7d7e7e2a94112a4f15a37464e,A1
50ad9fb3ba7f8cf336529fe94a182996,A2
50cd97d731f3f5e3f321673c2671a23d,A1
50e1b12ee1e2eab6157d9c0b035136af,A3
511152350c802fe363fd2417b1a09357,A3
51378a8908cdc12c6545fdf842383c97,A1
514f8ca0f04813ed414874f8f422e6c3,A2
51838d41add414a0b1b989b7d251d9ee,A1
51c23d1b01aebce5a1e32e3d9b312aa3,A1
51d121ddc025c1b70f8f62a1b727aecf,A1
51d8d985d769925b981b4a34ddf6dfc6,A2
51d91326ffc0688da14a001de38c264b,A1
51dc56123336c573f2977f5da81b17b9,A5
523730e4b2ef7654c243699b81763112,A2
523b7915f240831d06b34ab9b804a200,A2
525236008daa62b6022f35142ef864d3,A2
52597838f6c178b19b961b068d048c71,A4
525cda9909aa001ebed396f6e55eae01,A5
525e9dbf2f675f893b9f695d5ecefb31,A1
5275b2f97b9c995d3d05a58610c0bb67,A1
527c6fbbe85cdf78ff1645e0a71e266f,A1
528553785a32652e5b1f5dc33899f754,A4
52abba659c0a219f8de7076dc33e0e83,A4
52b8fc428690f8974a3d3ff3a162f7b7,A4
52e05f52b2ccd1945aafaae6ceff7ba1,A1
53100f780630b0755dcdec40f673abfb,A1
53b30ca78efb2b7efcd3f9e461587eb2,A1
53beace9d0aa08b64d759d5f5a66550c,A1
53cc7338a7d5994fe8baa28a039d2343,A1
53e4d5ab8287848319f0220d47ee7ca0,A2
5416f8ad5bc33953624084ebc8738307,A1
544bd839b4e7f92a077c7bf2410f8b02,A2
5457ae2c352c18e3bf5cba68301d96a8,A5
5461338ea772177374bcf3f23665178f,A1
54732c804725f94304b9f2d1107a3d6e,A2
547d0504ca415eb4864fa3030f73d3f3,A3
54982b0c374191195d5f433c7cccae90,A5
549a24530925587e2faddb35f667e458,A2
54bf1780705493f3224d73bd48e53186,A2
54c7b4f48fb9e911bf328bf9884ca61d,A3
54e0a7cc9c09c591bd186e4569c7bf30,A2
54eb010282ed1c4a38e101aa8b9aca37,A4
54ed3f082c9e7725a0e26e9e682fc825,A1
552fc05a13d28356a38e8b13f64cbe4f,A1
5568fb2b583235812ed08eb9587d0465,A4
556ffcdd6185be1c44ea83be3b1b5f86,A2
557b158701bedbb76b856eb5f3af51b1,A5
55b488a273c6ec9ca293736e9a69d0b3,A1
55efe0d41e47d41465ea4fb5f8badee0,A3
55f21db4f9a353dcee5b774f750c65a1,A1
55fbb64f60861980e74c4f136f304297,A3
5616f75d22507069b5383854a1d8c414,A1
56238e115fd05d88a5e9ae565b8c2dbb,A3
562b3bca5a8903b7451462b6e7aa6082,A3
565448508b44312e8489ca1bc1f5d09e,A1
56c355e615aa216a8c404c4f3d22383c,A3
56c8638e7c058b98aae6d74d2dd6ea23,A2
56d6d1ae03e95325991e4c77bf3cbe53,A4
56e3a158ef88285f2c15a83db0b13d93,A1
56e80e4b4a777631c5399e3fd0d6ee85,A4
57017bffe1b59c7da66267b6d3fcd44d,A1
5709900c6ded8af6dfb28b043943368d,A2
570eb70ff97166b85ea96be3bfb65fef,A1
572a2a7bca60d77e596287ea324a4680,A4
5735fac0e3e12fee0b0545828a977acd,A2
574e36a816bf7a295404e686062fc0de,A1
575e8735ac3203bfb92c7d52919faf70,A2
57b5d9f9fa4f1ff41befbfbf0fcbc3ca,A2
57c6a5ac88fde55944675cc79c4d5db7,A2
580561d937f063a0c4ffe1e4832df2f5,A3
58075e17e770fc08571c3e0f452f6a11,A1
580e86cc6d0c8eafede3d6f2fa4bf9ab,A3
582183483d33018384b309d31c45f353,A1
58498d9dec038f925f6406ebdfdc36bb,A1
585ba6a115792c0b0483d65e5ab1f4b6,A3
589211c7448e6c3b58b0ba98ce089ee7,A1
58c1b085b54c03a1f1ab5f13d64c2b1c,A5
58e2253f083d42930c64ca32b510a512,A1
5908f8630bbd5a8d5984b25f85588168,A4
5925dfa8cd87ab4d852383f7039c8bc2,A2
59268ee5dc0cd98a36ea808010826cc8,A1
5936fabf5dfeaa6c31d9f649b5794e2c,A2
593cb774409e5239a1946d1c88e0813d,A2
5941ba7f91b519d195e16e34fcf61bac,A2
595ee036d3a69e80934a9b3618834085,A1
596f46e4d4b172098ad46d4d7880bcc2,A3
598ef1f13aba15f2b88387184f6c25ec,A1
59d66d72939bc9497e19d89c61a96d5f,A5
59d8d1ea35c02a6a070ee29944b0ea86,A3
5a21363c92f912e70cb482c96bc03af3,A1
5a689ab0069d25bc6c2be47d4b3863d4,A1
5a819fa976c2a1e65fa35e5c890d4dcb,A4
5ad84888519e10ff52d8af00641d41bc,A4
5ad96d7a95788923e8ff455366a90015,A5
5b07d855f3356e33b1434dfb5a035cd7,A4
5b09c620db60411b0be6f1817c6cbe71,A1
5b1ae94194ff6e974356063557746e47,A1
5b3186d7cf904f2f9369aec26faba4d2,A1
5b3b19201bb81179198a9ce0d26ae56f,A3
5b59166412dd5595f77a43b217c39132,A3
5b71ca52f13f79c2be72b2aad8755c0a,A4
5bad02ee81a2002eb3b5b84d32bfc15f,A1
5c00e849b56a56ea31560d5d66f933e9,A2
5c2b5c09534917d37857557d37ed9205,A2
5c77da09750b42091c93c331d544ab53,A2
5c82413b70d65c90e4f9e465c303fc82,A4
5c8b41ba21631ca0432de4a10a56fcf1,A4
5c96017028584678dd28c139566b87c0,A4
5cb8c9998e51269d6c8c983def687414,A4
5cbfdb85ec130898108b32c50d619c39,A1
5d2dfd15300a557c1ddfad56a8460226,A4
5d323409404dee6bdb0f6cf9ef828dae,A2
5d63628c95182301765aa1482b0293aa,A2
5d7ff357d021646cf8adf2601713f624,A4
5d923ccb7548741c453df5a825da2515,A3
5dbba6c01268a8ad43f79157bf4454a0,A1
5e0aa142dc4760e62a74c1830cbf91b1,A2
5e24610c5a55f0b6ffdaf9e846d02362,A1
5e3e9e897d07a80fc2af58088a84812a,A3
5e8f38a9a1c023f3db718edcf926a2db,A1
5ec4c90f549177a8cbbbc7419353e66a,A2
5edb5e94dde197f8fd914eec2975b891,A3
5eefb861d4921a3e628bbc65c50a480a,A2
5f2a213343d506264f78cb82dd914434,A4
5f435bbe57e905e19378fa56b60e9d16,A1
5f45aa4ef9b8fb99b95d33a970bb64a7,A2
5f66ee1b2e030748fdb83ab9b01a7064,A4
5f80e1b868be57e4d50ae6bbeae78d77,A2
5f8ad624020f7db33a63d5a0e5d14348,A4
5faabfe6772088c4d906b63fa81ac63d,A2
5fb5bf48cd408d971f873069e5178898,A2
5fe117882be55ee9ad0d6c6c56d11019,A1
5ff735d120cf4ec4adefd9766f703bf5,A5
6084496782926c56bf04c556331bf884,A2
60863e9f13562f664b73e6f76ff85910,A1
609b7feab0f0c9726929ec4891447b02,A1
60d2dc24e6a89bd218f646df03674e5b,A1
60e6fe581610db699ac03fec61f4d53f,A2
60f874c577dc096ecd52bd0bf6bd5942,A2
615922c430abddd368735199c38e735d,A2
61fe766e454d5e750b33250035b4311d,A1
6204c4e582a95b6a350adf6988623bfb,A2
6223bdc5aab952ee49dea3511f89e7ec,A4
6287d15cdf992224e7bb7010c69c4095,A3
628bdd93abd27fbdd50f4e2e91ec64b3,A2
62a25a159f9fd2ab7c882d9407f49aa9,A4
62b8761192c86f4ead06f4a433096a2b,A1
6316cfb9fc33f7962f7459a3bc144a89,A4
6321cbc5ca73fae88f1acccaa086ecdf,A2
633aa358e90a435dc47a30af5a0a832d,A5
6345e3b3ba5ee47685e29ec5febc8155,A2
6358b15ef7fa9b1210f1a5735cabd3d9,A1
636443768344855307bfe5f2f2f6ba2e,A1
63669b3731dcc014feec668c3d888aa0,A2
636f22218f8430a8463c5ddc5f68fc62,A1
63adc4def3cd3c39bd83083d737d98b5,A1
63cfc61cee11cbe306bff5857d00bfe4,A2
63ded44f46d409896e3b7c47daa688ae,A3
6409bccd4062c7105e9fd94c9a72082c,A2
641584b3ec3027aaf8fa9c088f1a1a00,A3
6419a1be8feac26ec793667b71cbaeb4,A5
6428403ac3b03984c38fd083fa1647b0,A2
6469f99c1f9dfae7733b25662e7f1782,A2
64df076fb557552498049bb07ed1cd5f,A1
65663adf8c7a498b79e57ff84ab2b654,A2
657dec397f46d84dbe64df2b0389b3cc,A4
65859c1624b7642ec285b4a71efd9506,A2
6594a65023bcb47539aa91b0f8e98e00,A2
65a6ec5d6e6e86bc43a2cbf235be4675,A1
65ab3020e6a929e4e9a4b61e643da832,A4
65e2735427dedd6a787e5b065b3cc41e,A1
65ee274b862c5c053367be8a70dbc029,A4
664fe7916cb8709c6b848383c6361dcc,A2
6668e1ae499e2e9be475b7f708580232,A1
66ae4493fc7c710a8db6d9620901f40d,A1
66e56177b9bf464a930e57edc3694403,A2
672452f682b6cd65d8256f3e527bb93f,A1
67466b5877fad6f2279c1fb634c9aa5c,A4
674e552503d21cd547fdd0de0bfb9be2,A4
67bddde1844b238fe25995cde1612b4e,A1
6832ad9ac97f82c7c5d614fb8e632e7b,A1
6832bd3ca1bf89c9e60bf3c91d846ec9,A1
683459cab0129375a071efb00da7c191,A1
68497ce04e9b12cb402671a29acdf6a2,A5
684fdd89d877968793cfb9c8f7ef7874,A2
68519bc41532d0f1a6613d278f86a5bd,A1
6856178ce177496369e3a83fd143e621,A2
6871b052a835417d6d2e11153e0d3c2c,A1
688d5274462f91fa0332582b748ce41d,A2
6897ea9a949c1009af8cc38e691f260b,A4
68f412bbb674141ab49ef13b501baf45,A2
6940e424e41600ef36c79b6d8b4a2ecd,A3
696fca7af7f751e1749087433a92c790,A4
697452ef6f8c549b18ffecd3e0197460,A4
69768afd389429f6ec48199e5fb8e61a,A1
698118425f0afbd4bee557e51b6bd49b,A2
69aab61687fa416ef601af332bd0ff0d,A2
69e4074cb5368c1539397e4ea570757a,A2
69f2934ad8b50cc05587a94cc7d68fc9,A1
69f7e342c28eb22ef6845facd926e810,A1
6a2c39f27e5c40a4d2a0cd94aeb8c925,A2
6a583f4c6790a4c8330beb7612e17f42,A4
6a6a7141119ceaeca4dfbae7a580a515,A1
6a9e15d6fa8ce1cabf193c21aa577f64,A1
6aa14366984bcc5f1ea760928283d451,A2
6aa2294d9975e319365a586ba919de73,A2
6abc999251612920bec93b3be616fa1d,A4
6b1b676621a55a12546f8eeeaa12d4a7,A1
6bb0bebc0758e1a834cb5bf96b6d8feb,A2
6bb535b0906b43e0041916897667aeed,A5
6bbed249de21777c6f7d5074e6c469e9,A3
6bf558c1aae5004b6a410c3294c5e119,A1
6c005d6d2d21634f3eabb0720c780d75,A3
6c2f6983a60ac0dc8a9ee65579959538,A4
6c5524784076044070d9fe6cf151912d,A3
6c70bee45f245a4ebeddb2ece21b567d,A4
6c722fdc0ca8a586dcfa980f2f1278eb,A1
6caedf47165dd303190404ba0d47e802,A1
6cea4abf8f997010abe48d8b4ef9c5f2,A3
6cf5a61d865d979d060812cdb48ce484,A4
6d3d5771a12f5e7d00729f940bb28fd2,A1
6d74740d498504341df1e7f104daebf0,A2
6d97028799b1d0a91160e11d45cfeb7b,A1
6dcf48fcc0c4d96dd7af8a0897ae9de8,A1
6e08abf5cfb67eeea9e48463da288788,A4
6e0d94e83bae00a64c12c9497158ee1c,A3
6e10d6571ddd6b7b58d61e4d5e7dde95,A1
6e1512c1c3221bd24fa4848202727ab3,A2
6e1550b8966f327f29bc06b18972dbec,A5
6e26bbeaa107ec34112c64e1ee31c0f5,A5
6e2f539e9e0e323859a81079581db712,A3
6e620488162fe1129d32f26b751d770a,A2
6eb453dca2505def092eb261e3a3d8d0,A2
6edeeed37ddd3dee7559f358b023ef9b,A4
6ee2f345f4f2fbd1cafb6447a6b37642,A1
6eefa309faab7725bf4b9dce147e4ae6,A3
6f1b9f60ea8ee748140353648c2d8d8f,A1
6f22857001b77949eb8110295fced3ff,A3
6f302f15a62c56b3100b67a81bfef328,A5
6f36e0165218ac7ae521d8e44739e703,A1
6f5c52ea47e32b73958b0ac0f3c34e88,A3
6f64406ed5cfa4a2d9bd35e91bfd6587,A1
6f65f19c2dcfcab8b76b2fafb5b840e1,A2
6f8e7d40046694539c87b98cb5096a28,A3
6faa792efdf7c9c6eb7cfdf68aa5e581,A2
6fe09f77ec8e29ed4e619c6841f6479b,A2
6ff62b85b8dd35a3402d54618bdafec6,A1
7018a5e068b8fd0912fed2d02952df23,A4
704d4446bffad3f1d6b73a58426af36a,A2
70601471b692cc0879300373118041ff,A1
70aa9ef908248a2ec9e03b77ce1ff357,A1
70ad91901ad4330af432978ff134fc6f,A5
71048f40f553973d48d6fe35d01a3afb,A2
711066a7bba9951b1da0ce0f4302af23,A1
712c4abfd9b054e7872aad2021a4aee3,A5
718d5855edf637b8e2f213db87dab93d,A3
719b416ebeb9f51638f343c4cc19f742,A2
719f18245d86356b20dbfc6ebff6498d,A2
71a26c172a544ccc789674f1fab9d951,A1
71a92fd3087501bcfba6e6e1ef7e8fd7,A2
71b14aca95bfbedbc5746d2c0a92d8e2,A4
71b8dc9ce21a7ca5344bde166e117c9f,A2
71bd6ff3f70090f785e26643f22c6484,A2
71d2dbb6d2f52d568ca9d69c815a4331,A2
71d790b151c0349e5f5b2fbb4fbe1321,A2
71df425cb9aec3337bc969df451d663a,A5
71e1f051740a6d2fcdc204e989035526,A4
71f5d6c0cf885d0b2b52836a4c469bc3,A3
71f88e06eb78302859a034cd7d1877a1,A5
72061fff095d8325b311ea24e2f4a2b5,A5
723bb8aa118da56cd7644aa593d197f9,A1
72421b30e46c895e99e8560a48a33fb6,A4
728a151b4593fb7ae0787158df28752a,A4
729089b44985b34915decf7117d8fc2c,A3
72eb961337993c4c089cb9135b86de90,A3
7305430719d715992b00be82af4a6aa8,A2
730e4b7ede33b484516435d39ab4dc49,A1
7311b47a208b4f5af09ccc62fafea9e2,A4
732d307839b02bc2d3a4c26b515ea2b9,A2
7330a3475a2c65878c2c9b95266bef04,A1
73601b1eec55943e90ce8d61253d5c09,A5
7379b57a7a2b9aa2741a1c564138b99a,A1
738ffcf1017b584e9d2684b36e07469c,A2
7395a64f37a30f9827ca4d8292b484e8,A2
73a218a376e1c8e6a31799484fe514b8,A1
73f97c6a5af65a71194cc2265ae82501,A2
73fa628b0fc190639f48da2667eb1381,A2
7441ce776af8da3b9df3d3f3c1e13ab1,A3
7462a753a77ed093330660f7003064c7,A1
74b8021516f25eb91f5b4e704a2cd671,A3
74cb1ad7e6d5674325c1f99b5ea30d82,A2
74fe4e106702770ef728399ce5da503a,A2
752041fd42cbe3a4f4dea0d68a0a6edd,A3
7588c20c457369de8caad958afc1cc06,A2
7589544c08cc5de364cad85ee73f4b63,A2
7599dea7f7520c8c37351721ad6870de,A2
75a398e43d9757a4f7d6f622aeb22c47,A3
75b45ab225bf88fdd7f432507030a4b8,A2
75c7cb4037146f5c8e95ade4214396c5,A5
75e750a6279d55f7137bb9e9bb8662cf,A2
75eacb17f5ef482c37c7b7903f014ece,A2
75ff587e87e047a7e00f75bbcab17c00,A2
76a0491dd70c125840fa259f00dfc351,A1
76c9a12722537319e44c31e70b7815c3,A3
76f7d40948174f5cde0fcf8e6147b59d,A2
77001b080dd723bc9a22e538e5e06e41,A3
771f344c1ac13d8ccdf2d14c48e2c6c3,A1
77479db0fa60ddc453f3743abc02be23,A2
77784ec016bfbcc51d2394d1632f0d3d,A1
7779fdf670bfe673e064b9aa5447674e,A2
779f7ec7155dfd74a8425e40c4d34497,A1
77c213e10acbd145d50fcb035d0e86d9,A1
77e223f4a031fdeb1650e797bf4c692a,A2
7823a8988612aff9a03896c51e2c5f7b,A2
7828a4a1ee004bbe6665cbffbc4bf2d9,A2
7849336c1b7785f258ffef06aedbd216,A5
786165c8823a3fd635edab35df391d27,A1
78a038d19f31c40c5dd68c112ca00ad1,A1
78b5cbc4b9ad61445b6609593addca37,A2
78c5bae602d6d120f6f4ed4acbd46284,A2
78d79858662c99b94b69547d9f80e061,A4
78dc91ac9a6fece2e327f74e96cac0b0,A1
78e63ed7c16b6a93bfdcef66ad250a00,A2
78fb70b5aa609b4b55c6ef3d0cb51faf,A3
78fcceb499ec9008fcecbaad21efefc6,A1
79444cb5bb16964eea4c5abb2d3aa023,A1
795c1622cf7a53d63d324e862349d01c,A2
796214f3f3b496b3b116986185984393,A5
7993617f039446d209d529ac9cc03f1c,A2
79abd55efd139ad036a57558aea211e4,A2
79b9e9b310f3094c2cad708eb17508c2,A3
79c389f4fcc007dfbd1f317f29e85030,A4
79fa3eb416c3933311c949121225649f,A3
79ff5d9ba6dc750760a809b0a84d3397,A2
7a114c4d600e1eb56f331eba875d38a6,A4
7a1de9bde89aedca8c5fbad489c5571c,A1
7a311d62282fa63be12b02aef2fd21d1,A1
7a350426024a624cef97f797c408db97,A2
7a380cb5434e6b6b5b37d45bb99dbe8a,A1
7a40da3af7a607c7275b9b8f71d730c7,A2
7a774055fedca2666e77244c5e50368f,A3
7ab8841bae70453e6b6fd543de86b90e,A4
7ac70e85ee5c115fca1147ee0f59616e,A1
7ad04c71bfca958e6f2ec44bce34e2da,A4
7afc250f9d980ea3ee0ce3b0245f1b04,A2
7b05e0471103ce0ef346e87c357273fe,A1
7b51437497e9c9b82a08ddb62dfb7b88,A3
7b53ce3d0ba1f84b0ebcef52fffb110d,A4
7b662d846265cb0ed144db95fe0c74dc,A4
7b6d07dac0a2c373d749142e920ae356,A4
7bada66424f46ce9a766b94974849e09,A1
7bf1c59401206e31a78523077f3a1144,A1
7bf5c9596fc39d41078cb46a86b23831,A1
7c396fd4830fd04220f754e42b4e5bff,A3
7c438259d88d8eefb977be5432d761c1,A2
7c4b40bb2b820e20b226a5a615e357aa,A2
7c5198d8a67f7da5930f067766cb468f,A1
7c588c097689b0b77fd73d171332b0ba,A1
7c5cd64106c9160122fd28b026cec28b,A2
7c67f115342d01560cd438fad6346a3c,A4
7c763d069eb3926fc65593030d5c99a3,A2
7cb9a6b438fe0a5f228bfd32ff9e1a11,A1
7cbf84875196ee1d04dc880ebbfaa7ef,A2
7cc23ec3506e4e1e67d0702da04a734c,A2
7cf08f01ab6a6a1365e1613989a65158,A2
7d0983269f825d3112e5a64364b1258a,A1
7d0b1773dc928e29e86a230ca9557d08,A2
7d3d94b4740895a17760e976797f9f0e,A2
7d87ba0bd6466390cf5d4c9735236086,A4
7da3054afe371affc14d26cc2cc04358,A3
7db92cbb797de39eebe3bc986be820f8,A5
7e094f060802ff5e25bef767446968d3,A1
7e1681f9bb31800364869a2cdbe289db,A2
7e4bebe20140a71b34263a659ba1ce11,A3
7e7301841ddb4064c2f3a31e4c154932,A2
7e75aeef30d7e9d4ac860fcc8eaa8812,A3
7ebb3bb52aff91c642c9e4d81d4cbc95,A3
7ec0077665fe9020e7dfdb05b2be0162,A1
7ed57df0e6ae22a4f9e0250d52608ad5,A4
7ee9e6c80bf1b7ec4a52639eab6c128c,A2
7f3e8656011a9b8d6c12df5991ca69ff,A3
7f50c43baa66aae590aa1a067427cce5,A2
7fb211f99a01b4971fd1e07e3a256458,A1
801512ead4c9cbc98ecd208f45c975ec,A5
801b53359d2880a9bff63574103fb74c,A1
80282a1a77281692a0339c2a08d0e6af,A2
803b4fc75d3fe8c5dbed83f50b3fbd8c,A2
803c530613f5c4ee03502be0d6894de0,A1
805e5a317f4b3e1afccb9dfd71287a36,A2
805f4b6e9ce80113e9e5cfbefa9577e3,A3
80636347f037db2d8e3cbe3b7a34c120,A3
80e00a7b9ead7590bf05116f0237c896,A2
81098a634d4eab46ab9fbd0df37e52bd,A2
8149101234b839e311a6f8c525206632,A2
815a99cb9852a1011da9bb7f2070b93e,A2
816092f5825c3e2cdfdd4af546d4d04c,A2
8170c6e6d010d22195bcd959f5de1ea5,A4
8194a6cea93c5c653e7956f0b962b5f7,A1
819c65629034acc8a0e1c096c2c6715d,A1
81ede855f58f99b76014d66d161e7a23,A4
820e78bf5449cb1bafbc56095ceb77a7,A1
821e4e781313d2eb18711efe7a50d66a,A1
821e75291b1ad362e614c0ea79fc95a6,A4
82532fe90a30190fdc4622143d41dc15,A2
827b19392982299876c0aca1f92208c2,A4
82809cee3c35eb89b4dd4d2d1a22eedf,A2
82c173abf4679049bd8628bfe89a9f2c,A4
82cb8c783b1700af07ae77355cc81c70,A1
82fb46292a999e7db9e2391c407f76e4,A3
8322ac348d132588470c5e8cc56b2bb8,A1
8329519e31cb1b89bd44c3c6ae417ad6,A2
83424549593093baf504ac260d4615e7,A4
83476105a4e9a12fcddd09081dc6cefe,A1
83915016a26b0ca42e3caf1070664d1f,A3
83935d750c83951d7d0211a3c60e78fd,A2
839a04051a2c347397fd425d01fc3eb2,A5
84514f009b40220330a5e42b102437bd,A1
84720447172b234e7504da52ee639435,A2
8492c2c6148ac3449374058371dc78c6,A3
84fa4ef93ec67a77a0329933dbf190cf,A1
8505734f21396405b5477c75a45734fe,A4
85189d642c11e7090cb2f72fed68ea42,A1
851eefea71a07755f017e75fae31f2fd,A3
853254c35b5ee150b4da2b3698d73f9e,A4
857104e1bfb81cb14e88ff07d1b22c70,A2
8597b390850fe72e108d53f42ca64846,A1
85b33fdcff5e20584ac9ec8e3c559ea3,A1
85ed7212fe192ab02ab44c95ba87868e,A1
860f75391be5698f015d3b234e7576d6,A2
8614ac51282d77ed22393201f26ca405,A1
861e2a5848de1a3e8fa544236a8369f9,A1
862b2c6ccf4352c087cd60cdac498b48,A2
862bcdd9344546914b93a16397a78791,A4
8689b3e15d4b16cfd05ecf597a523453,A1
869be6f00b4c49e72f9a1e2033baa9f0,A2
86b3fe2ecd895fa35d303e2a49b3130b,A1
86b59358310b208f822e416e59c96672,A1
86bfc49565a9ca52fcbf861fcc1e67a4,A2
86df00dc5fd68f4dd5d5945ca19f3ed6,A5
8746f1ba2e19bcf8bc03a946a0923d78,A1
87603dde65ee7120467ddda1a883bb24,A1
876c5f7ffcad19a82c0da218ecf56ba3,A2
878d1683076172a5b7ffc7126ba99acd,A2
87914dda99d76004bfd05778028fa7e8,A1
879ee1f90476a2fad74aec4f9c9961b3,A5
87a7c3090f96d9da963125a0d7f8193a,A2
87ae4c644c15d9c6b6f826dfec33b340,A2
87b3f231705783eb2217e25851c0a45d,A2
87c907fa30dd1bd3709c84b912b50c7f,A1
87c9e7ba960e4c2e6bd786b162adc639,A5
88055311adcee315a7c05930e3849363,A2
88388502f20df20b31ccd1a4aca9e898,A3
8897ea56bce6fe37a39cb2ec40898102,A3
88a8f123107a063acbdd1c90f3d8adea,A2
88c11a241bcbd239da19623bb23891a9,A4
88f21f18f1c3152b023a22a0f42bdab3,A3
88fcb680dc8cd2e540010c0750b78242,A1
894382535eef1ce243ec19088626be0e,A1
8959d4251989df68934d67c1d32c5718,A4
8961b4ca2c5aceb7a78ea72c6e0c840a,A2
89672d977dd21afa429505c66a1abc17,A1
89be58cbdd6ef318e3ed93fdb22be178,A1
89e3027de49c3012858cfeb7f5a34f59,A5
8a1e8b556fd5feb59a63729b5341e71a,A1
8ac0c45f8e89a3d25738b3700ee9e132,A2
8b4447c69feb2b408e29edc0fe9d0253,A1
8b4bb71a7d37d4c2560e0f0409a58905,A4
8b51f29aa215ec74a25baf5bd24ed90c,A1
8ba03ea7a871bdaebd65e7a4ced27c2d,A1
8bb910cd8c3b29e4acf2e94e3aaffbbf,A5
8bc3068714502a076cdc66f2a207bb20,A2
8bc85b1061383d0dcd4e995a726da763,A2
8c21dd8c37144807c601f99f2a209dfb,A5
8c532c86e424b28e85997dd891e26d5d,A3
8c8bc67c372d5c409fbf1a340205ddca,A3
8cb0a62e8c536632e7c0a985166a089b,A3
8cd6f80d3c3994e2060d46ec07ff0b0a,A2
8d187f36fa18c60c2ac49e7a966d8ff7,A1
8d26c82c2086dcacc175e2ffe6ee2f28,A2
8d50f5eadf50201ccdcedfb9e2ac8455,A2
8d6512fa0e1c5cdbd789b956de79fe2f,A1
8da4f8884cb807a1a95dce688436b0ba,A3
8dafb82f687e3b0dc9e97b4198b92128,A2
8dbbf39064a6aa2a21f97ff0422e5acd,A1
8dc4412f2ddf5ffee6cf50e6278b37fd,A1
8dcf2096a68ce8212a3f534ab31ee23e,A2
8dfbc9064378d19ac99a21ac353072d7,A1
8e0275b5c7fb6f05e312a1079a674410,A1
8e2055281d566229b5926cb77be54f81,A3
8e2c92b2442298bd653b0e9aadf4c313,A1
8e31f8c64b847de447636be1ced917f2,A2
8e49d21f0335c3013583f2b3f99f8e25,A3
8e714421b31bf0865e55be929d99384c,A3
8e78f2e8305481c8b0f285670de4829b,A4
8ea95e0fc3da49749b66835754e2062e,A2
8ec31beb5c890497f1872b5986d3cc26,A1
8ec9e01dc8cbd31897a2f2116c5fbae4,A4
8efdcd51f527f5aec0875573fd2210b3,A3
8f1794300ad248a55eae07168219ca15,A2
8f2fa110f45a5b5592f1593842b7e87d,A2
8f3dca4306d5a89e4ae2c65c110603a2,A3
8f42e9cb526d4a8ea42877dac8c86453,A3
8f4968221af78d6f248322ad465279fc,A2
8f567321ba12101dedc07c70b7021069,A1
8f6ce2295bdbec03cd50e34b4bd7ba0a,A2
8f710f0d7e8dab5c8c1135e63b44de7a,A2
8f891a5f40cb72bf5fabda4997b4a625,A2
8f9c0dc510c12654a35d2add7a6c5d34,A2
8f9f1a0464f6ab0e25650be9849b086d,A4
8fdb30046559b506b2ea1588cdfded0d,A5
8fe4f9a0d6a47babbd498127a9109bd1,A1
8ffa5e9fcc3da23113128e94d1c75706,A1
9066d003674f53303ec2ac527e940a5d,A3
906a8a4ec9f3d4c3e64fa6d1c4fe6009,A5
9077449283dc1319d5e51fb3159b28e2,A2
90c205b0bed658a20ba141d2960d6811,A3
90e28a883386c71de943515d91f72a39,A1
90f323e9f0948ddd96c6f6a8ecc75830,A2
910240400459e4edf250cddd2588bfd2,A3
910ef561b28c67973b74ce21e0d252ea,A4
911be3f21248d465d1e6d9993bca60a8,A3
91352e06066eef42b60b24049ccde4fd,A2
913e4a0664572d0652473b98b808e7b5,A2
9177736727dc747f69fceccc193c125a,A2
917de9fb824d070a7f1f4db097cbea8d,A1
9194f9aedc33b4f984bcdcc7da7461f4,A2
919bf2617845a0f73acc0361cba58267,A2
91c0ed5fde94a56b99e4ce6d43d0d6be,A1
91d0504cf52d3f76b154c42d78979f39,A2
91def939002d33dcbf6a038b5c879f7b,A2
91e59b92e87f627abdab279ea3ab0c87,A3
91fb82fe3e8b269f82616f53f2a4a690,A1
9202421110f6a19ddcf0b9b93602a0a1,A2
92046e40af14f7f88398c748bb559cfe,A2
925751a747a151a7fa97f2f686d028c3,A1
927c1b4bd2d326409fd16eeedaa9ea30,A1
927f5d7e01917bb3b8aeb3260ca42663,A1
928616c185852cc998407c716a6f69bc,A2
929b8bad532f969fc414b7831ff3360d,A1
929f67fce8f269879084f50385a16354,A1
93360190b9375a40b65720ee99387a4a,A2
93427465b223bc8292b51bb86077b695,A1
934e91b0e98dbbeb3649cb1091cca051,A2
93541741ba99116c5cf5773312eff953,A4
935b9c5a3162185f88dac06d8d08d623,A4
935e66642fcb2baa8c1782a29570d905,A2
93603747aa73507db172820142fb3b81,A1
93dabd0fb48bfbc6e14aca0432ed0717,A3
93eeb8745a219d35b7e32d796528b681,A5
941254873ba3ece63e297277436e4c36,A3
941590fb8aef66b3a8352fe7c691879e,A2
941c336ba35bc4cbd3c5bda62cfaa767,A1
94374f520fa9fe75d477ecf113cae041,A2
944779ed5e0464b49fbb2108382b0ddf,A2
9448bf54ca4a047cb99b0dee1a9bfa25,A1
94522b20d09262256d0ef263adf3ff78,A1
9475b70c3d9add279a65672fca348944,A1
947c249c7f31f3eae2bd05454e1b2040,A1
947e93a9bb28256adebe49f78cff07ad,A2
9496fe4967f2117feed223238c7bcc39,A3
94a19681bf6faa3c6ce3e2df1c2d97cb,A2
94cac7a901fa7a145722dfd0a147b050,A1
94e5ea5a8c1bf546db2739673060c43f,A2
951008c1c9df3fe4fead603a9afdcb3b,A1
95160caf14611a705759de6bf13555b6,A1
952bdd2866ddfc528203799b6b7a24e1,A2
954456f376f79dfa36460750500f7dc6,A1
9565b6eb599caea334238cf517c2408b,A2
95828271d6bee6d5eedcd00e639d67a6,A2
95c673245afd9e175e46590ea80fd159,A3
95cfb39a7e263160308a934e42cfc4e0,A3
95ec7fc6a1605502060075958c3f9852,A2
95fc0e6f6939f521e44a588ff18eacb9,A2
9620e26af0dfec5a16a52cd2afa81717,A2
9627e55290c60f562fa06f399ec6b82f,A1
962c6b5225cdd53c41509bc38d3a8217,A1
96701d73665eab8fc6fecb9863266efe,A2
967eb85deeab5124df2165cdada917f3,A4
967ee07cb69460a7e1d42c7747142572,A2
9689908caf4de73724feed92175d867a,A2
969e62a47aec03c735127e6f11ad6564,A2
96f9204de777192f8feb7776d3cd09b4,A4
971e2252d557c5f6b2de810f6fcd52eb,A1
97258e1c1f77f32358eccd1c9ee5954d,A2
9735b1a02ad4d2b3747e9a74cad789a1,A1
973f2fba63a7eb540f8860b0c75b63cb,A5
974148f722b785f187ae13ec0040abcf,A1
976a39626eb2337ee3258d4ad73f1543,A2
97981245c3257ea9b14befffd560177b,A2
97bc08e526795b17e1d4f642f77ae304,A1
97e5501feb2532ef0e124d2dc4e86537,A1
97f0fce3f9d7aad1b12499a4e4b10d07,A5
982f532d3e8e8177c57361a39d1b1492,A3
9832ae2f7d3e5fa4c7a1a06e9551bc61,A5
98341ec53bd2130c32390570d0929da9,A2
983994b46a18dce5db8648ebf95754af,A2
984503860d8d8dea530666eec07de95c,A3
98758d88bf4b8eef1372ddee45d63178,A5
987fadd385777d8f27edac709bc9fb61,A1
98883b9e1d9d9c46c298c69146db811a,A3
989aabc133cd6097fb2fc9c4a919af4b,A2
98a8081d6f922b47f0b48d0b10665047,A2
98d2fc070f4afbd02c5788eacc6949c5,A1
98d9a0f7e940e0750fbf72f9aaab1210,A2
98e3117841a2431959d17808f04bf23c,A2
9910e92c18776a14048773cef6592b91,A1
9935b7e2683de890a208026f020e54d3,A1
9947c0ed8bf41cd508a78da36abc1d41,A3
995facb032e4446a511762f5f842eb11,A2
995fe9426f030109b1614044edaf46d9,A2
996fdddf8cd5bbb99b221fcaf5ba1359,A2
999bf1d2709dc80fcf55a92805ecc34f,A3
99b026061fefe9ff09cdd0e745a9233e,A4
99b8ee09d642ffedf091951a7235faa0,A3
99bf2e03eb1ef8f29fd57ad10fd75e48,A1
99d697dd68fad729283560abe0adae43,A2
99da196553d9b67b1c762a712a8caaf6,A4
9a30b2294f18ddcee9918dd3f3554407,A4
9a57feadf40027e677c373d70108d57f,A2
9a6a921e2fdd2e6ba9c4fbdf24381248,A1
9a736b248f67d166d2fbb006bcb877c3,A1
9aaa6812e0daefa1f7edd5f772297d2e,A1
9ae2dda41ec3dae4c5c780e251223272,A3
9af2c271654a36a48beefe342ba6208a,A2
9b22d6fe1f74d6e1aefec789415ec847,A2
9b352d0736779ff0e21fcbd59a7141b3,A1
9b7fcde05dd369caf4dea1f04ed39fcc,A2
9b7fcfa05fb6f8b88fea3d74a6ba77d6,A3
9b8180cd4fe75a8acd576d0408ff8bf4,A3
9bb5ee90bbf9e5dec4a866a9d1117328,A2
9bc158770d28e135f48b0c3fb2c21d27,A3
9bff551dd73fdb455a7c2ceb6bed2d39,A1
9bff67cbd491a775eb1e262b778da4e6,A4
9bff77a776574edf41418ddd01bcbb4e,A2
9c08d6f85c7fcec4b08ead25590c0af7,A1
9c18cd0ba86443dce5c2e5157cbd2eff,A2
9c2014c8ebe041a98e9603375cd7bb6b,A2
9c3a23565ded3e71fc8979579e8f091c,A3
9c4220872289f4e0239410f49e02e189,A2
9c540c186d344c460d85726b531b287b,A2
9c760a39c48113c1450dd5b65958d7fa,A2
9ca25c67e315e2a59b00eca2d4797734,A2
9cc5a07f169a1606fd347a56683e6ea6,A2
9cc73b2f1f13d58e4e11389fde3e2402,A1
9ccfff93c79f3dd996cce15f26480c5b,A4
9d1773d6d4fb3faaf3173924d181952a,A1
9d2b062dc07734a1d7053478a7e83280,A3
9d31457a03125fc870787a251760315a,A1
9d42d5ee226121b6dc867197ce0529cc,A1
9d8130e675ce6c1f24cd519444f7642b,A1
9e4accf95024aa6565ca1efcadb96752,A1
9e527c9bc89a4228e5d8e136712ec63e,A1
9eaed62db4e25ad2ac2fcdec58a8e6cc,A1
9eaee1fe94e2155bde44087d299c0b9d,A1
9f10a450cddebea0e7cd86f67c894d1c,A2
9f3495fec7de50e7f0e31d3f1ed3c526,A3
9f37b1215df84eae065524290b66cba6,A3
9f5e91d56f3c3c192a0ee7fa88de7113,A1
9f67aa18a87ea9a76854deeb9385c011,A1
9f6a13c93d886acbefe16ad39bbfb85c,A2
9fa0a504d42412f2bc9878d90541121d,A2
9fe8cb705d35cf54025160f9f01b7cc4,A2
a00a13ac36037d575bb016caf8f50d53,A1
a029899dd8534557a81c369475ff80c8,A1
a0abd26659c9914690cbd3320d39fd96,A2
a0d44d593fe455c0ec7ed8f4715190cb,A4
a0e0770d529c5da6dd71d5be8620aa3b,A3
a0ef77ac3d3662b055dc12b045da37ed,A2
a1044dd75b74fbc485b040575a14acf0,A5
a10fe3c477989c968aa284bd448b1d5b,A1
a147b35c04951884b4bbd65a0085cf88,A2
a1874c5550d2f0bc14cc122164603713,A2
a1a374f4c131638dc698c76bebd11769,A1
a1c1665f040ebd05f327c8e9dc1cdf4f,A2
a1c61f8566347ec44ea37d22854634a1,A2
a1f6aec75e41168caba548372f245c68,A4
a2027a1c6f9e04a875c44ea09061d3f2,A1
a2370b590b2453d5a748d4c4c35f900b,A3
a239b8e2fbce33780f1f1912e2ee5275,A1
a253d10c681ebc4ee987907d2fd156ce,A1
a262442e3ab89611b44877c7aaf77468,A2
a278e5ab3d212b2c8285bdfa911b25a7,A2
a2b7188b91416738f3f713f6e107f276,A2
a2c15de05ef380b5a7eaf915898926db,A4
a2d2201f14b81eb836de9fef6d305311,A4
a2d8125361b16f316df65f4603b88e23,A1
a2eb3545fdbc2c6687e8d66c78c206d6,A2
a2ee01609cebac76651bfc4814f5500e,A1
a3021c629bd1d99347a8e75a9ab035d8,A1
a30af9d68fbfcafb8451854c528587f5,A1
a31ef19138e1e8ddad1c8c30612a044d,A1
a32fd99e791dbe323486039bce9ac35e,A1
a35e6ad969a4298593c504f69c03efb4,A3
a366793a4999f8cc135855c4dd347421,A2
a38b86dce31f7c014a0c958b548f6a64,A2
a3ad86e859f1d0466bc1beb77fdf218c,A4
a3c22bbd3ae5d6200ac82078b67eec2a,A4
a3cff19572a9d98802efdd6603792ce9,A1
a3dc27d87234f862d7e61a0148c77fa9,A1
a40096fc0a3862e9e12bc55b5f8e6ab2,A1
a4030b5e97ffc14114e66d82df860f6f,A3
a43931660f8bbcc1c64db8ddf4b10dff,A2
a4e456eca4b667dc31e1881a4b56b319,A2
a4e71a98a7a1490fff07e7a65cf06be2,A2
a4e8a2fb3d4d783c8eec5bf1ea80d3c6,A5
a518c60e2e7f3a2820b4ef5cf5107189,A1
a53c5bbb7be8b7a0f586d31c2bc499ef,A1
a54de86aa4370cc93031bb4e99d436b0,A1
a55e19719dab7efad8d5b7b0bedf5326,A2
a56df37f1251ec47d5ad53dab3043f38,A5
a5afb1cd8d3b8126d2d39a7a29880c09,A5
a5c806ebe5b25d0ab1e7f0da0e17d6bc,A2
a5c9660af607788526f45b6774ac2594,A1
a5d3bfee5b23b430b95c4ae295e1028a,A1
a61a0484f0c42f81f6299b8d89123823,A1
a660768f87f5460dead886e622dd5741,A2
a66315c850c3712707754c1eca7a8069,A5
a69d31a5f6011df99d415808d6d640b9,A1
a6e56ce065f297714559452de03a2ca6,A1
a6ea57f856565adf869941339028fa05,A1
a72a2d4e19868dba726c0e6f49198c7e,A2
a73c5464692d3bc09d64e3edefae9015,A2
a74c55db1520986fe4c117a54a0fc287,A3
a74cca5b53aa3fb9a6841f847033dcc1,A4
a74e3f2f887f14862e34c61ed0e4c5d0,A3
a7657330b1c135f3acd420326e335b2c,A2
a783997c6d6e57782d4d2dcbc5c9edaf,A2
a7bbfaf8a288c45dc38d4693535dd63f,A4
a7f8b23aaf522616c6c7daa2a3753247,A1
a8060584a077038962852f3184a4571e,A1
a80a048ab08d27168131328d4e2fde1c,A1
a80bfbd1e59358c3afb4b2980455f171,A2
a82d9e16794b2921f600796767322a9f,A1
a8333c0243253bb6d89193af79807384,A2
a865a3f8b39809ab1ba53cd0e8122999,A1
a8cb771f0d1d230407948d4ce2af5c3e,A1
a8df4001abe77cf8473902c2b7efe418,A3
a900ff99a192cbaf6ae8e867a95117a3,A1
a914b2be4782207abc6758095ec9e8aa,A1
a944a93bfa1d65b1523c45f9ccb01ec0,A1
a97d43b24d76819903192611aca17914,A4
a9e070f61d35aa13e420c8597b5ccb3d,A1
a9e4348b76f85861ada324e72dc92aca,A1
aa3bf249b773d47a88cd191c16152086,A4
aa591348866497ba6bf83de62e4f8813,A3
aa89a987e1e092c318fbdc4b0e3dcc44,A1
aaad6d68de5490cba508e4203ddc87de,A4
aab0cf2b7b1d9c3fd242397d73ed044b,A2
aaf97f99c731d8d84810ff16e6ded10d,A2
ab0f956f72812ae4636be4e15b58031e,A1
ab0faabf48c8c0108c13277d2b701f16,A1
ab243cd9e788d689cc822380f59616e1,A5
ab58f2fb5f71caac6366303095c0cd41,A2
ab6ec178286e6a6d70e9bfe90378bd95,A3
ab744045d2445f5bae53b57a4b99bfbf,A1
abc9e5b32caf6ec0c8fa356117b66d66,A2
ac2606825161d003acfbe4f43af273b1,A4
ac95cdab584cac0e86ce97a5399ecf79,A5
ac987d464574ee0f743f9b630f937a27,A4
acaf5177d6de60fda7ce77c48abb5230,A1
acc374bd9024806a83121b1d2565db2f,A2
acc4424c209233de519e034152f30304,A2
accd68fd87adda3d6360d77daafd964d,A2
acd7af4da419afee85373166387d5799,A5
acea13a79aeaf715ba68122e9deb330a,A1
acea6bd29b8c1e3c6a8b266a8fb4475e,A2
acf91aaa6f337456d3c506a5a494552c,A2
ad0ab3a7b55bde26410aff17192f6699,A3
ad155bc0931cb6bab63d4ff2515c3159,A1
ad7fda75731aed4991eb80d939db8115,A4
ad97668eed5826a5d800b15351bea269,A5
ada6236b6bba2b0c3588aea846e43afb,A2
ade4eefdf0232fa26f1988cb56edc58c,A1
ae0ef1d2e3a62b54a83dadad4db14f5d,A4
ae11ab40faeb1f8b85f6308e052bd710,A4
ae207cf8119fd10e3b9ac24570089fad,A1
ae20947231d4d44dde1680a7ab14d90a,A1
ae3e48f07b8242fa45f29dca1ce36a08,A1
ae44510fbe1ff7826298182f9f21aee9,A4
ae72fc322c436d955bae749b31ef4b97,A3
ae74c314b9c383e5d7bcd99d54ffbc71,A1
ae7b79796d47ab59f417a154efcdbb77,A2
ae899cddd0d9a9ae7f10099595241089,A3
aebc1c715aad58419ecb2d919f449127,A2
aebdb8f05f5ebf99f858c1a75fb7035a,A1
af0450a3075f107a38cd7daadc98f990,A3
af0f26435fade1ca984d9affda307199,A1
afed5a21e94b4e3e5fbe6c7e4bc92f4c,A2
aff7f8b5669fbc5d6f6097ce45e63b19,A2
b03155da610163a1626f1b99d4787774,A1
b045295488236fa73d8d9c37dc4b03e7,A5
b0468c2f2573d7b6bc5bc33479785e2a,A2
b04b3653ac441004b247e96ac0829d0c,A1
b079e8a1977edd900b4522be9dec0245,A1
b08fab27d47a1eb6deda07bfd965ad43,A1
b0b057559c54c99e41a21c40c08f7780,A1
b0f47d39f0e55621071ec1e93ca6b74d,A1
b1153ed93605e954b8710b36c8c5f5e8,A1
b17ed96ffdf66518b4cf65e328298e7b,A1
b18c8cbd9616a95055ef4146f3f805e1,A1
b197f4af65829575f2f333bd0e9fd204,A4
b1a82c8d03f1811eb03d6cb6555ea68e,A2
b1addddee0c4b35550114227d2328cc4,A2
b222983612ccf9940049ebca9c555130,A1
b248c92ec54199bedb1d603e0e6f98c6,A5
b25a21b56a2d74da49e04cadbc9e0dd8,A2
b26fa76ddf33e534491e4ec46f51bc64,A1
b2bd387fdc3cf05931f0f897d607dc88,A1
b2c913a0723c7737e11067861e061913,A1
b2e9a05d23ea17713b5d7799f2004f8e,A5
b316e256ce45161d3ab81f74834376e8,A2
b3806e7118d02476c96b3dd8578dd07f,A3
b39dde6dd619943190a8cc9aa6db38a4,A2
b3a34bbf1a1d11885918ad3ad99083ae,A1
b3a6549b3cd47a7117094faafce8b10d,A2
b434a4f306b4eb09c0d57b76f0c4684d,A3
b4418ae2225a81808d6c5a61f3a719ff,A2
b47715fad5cbc17bfb21e9ab646fdfb2,A4
b495d807ccbd38ea1be486a826c88008,A2
b4afb55d2d38d9bbe0b83ec108c3e77e,A1
b4b0901bb872cf9972b32a05733b3394,A2
b4be8ffe5a39196f0098f30316f7d7a1,A1
b4d20b907a61795e8c8f3a7966c6cfb9,A2
b4e4f24de1e8725b74e4a1f4975116ed,A1
b52b8debdefe66d4c0d7f44d9b4ff088,A1
b530945168f12f82a3f9be3a5e243afa,A3
b56c60ed244eed72ff5640a41bf254d5,A2
b593353aa4c093b71235ece9689ce7e4,A1
b5b46581465f851df3529a30d2503f59,A1
b608532e04a3070b4b31178948f5c43b,A1
b619178eb4f697c3283943612910230a,A3
b6216e2929abf9261e14d2e40f9a4d17,A1
b62777d3969196b3329205b4d8e1ba0a,A3
b64064e3ae051f50b6f1eb12552d30e4,A2
b643c19d91a65d73f94ba8e037668986,A2
b64d39d1e77c4d9a7e7d002ad7552178,A4
b68a98377d20140feaa17eeb61687459,A3
b698379306c3fad0ab64d82a63a770a2,A3
b6aa5a87f6c08e2510324edca009810f,A3
b6bb8e4780df00a25fa34335d3dc1330,A3
b6c083700ca8c135ba9f0f132930d4e8,A1
b7474898d0dccad79a77bf2b0d23bbab,A2
b7737cd1c12adf6a0bc2de497ce2935d,A4
b7b162291adff744d6f3c6450557ffee,A2
b7b68a8bb6ca48aefdd5790e04cda817,A1
b7e2b4e7e5bbfc11eb1b22e6d822926b,A1
b824f6981f2ee1c30533c4138572428c,A2
b854c56e1163bced9c3ebf1e4a6576f3,A1
b896655e2083a1d76b7b85df8fc86e40,A4
b8b3c435a58aebd788a477bed8342910,A1
b8f77228f32fce5c13df55da21fad23b,A4
b918da4934c7eabcda6e45b4e18aba53,A1
b9544dcc09004b3b28e388ed130e50f1,A1
b9833a43443ed9fad7a66f9ffb80684c,A2
b9bab1d3bf90360ff3942299971001ef,A2
b9badb100ff8ecc16a403111209e3a06,A5
b9fba7ed7a4f5761ffd6c407ad764503,A1
b9fd889214fcb1a45e4cd51f5af6cba3,A2
ba0c0e497661b804dbb590a6c5660b77,A3
ba54ee5be417c0558c060a3186451248,A1
ba77e9b6506636dcbd03e463d4786f24,A2
baa8144c90cc484cda27858b86a32f99,A2
baad97a77fafd04f72a7f874dd67b37e,A2
baffecbd1fcc31f8a415cef1cd8cf772,A1
bb656eab01a34ac497457c5a92f5bd07,A4
bb6d785b806cb1eef824812b06b9f15b,A3
bb804ab3b59099c10245f17159faf55e,A1
bb8486cad0e431659227f6fb18fc6a72,A1
bb99e6ae642f462d7bf05db05fc9aa11,A2
bba29bdc2bd4deeb7bba3c61ea98e012,A4
bbe8686a830c0caaf68452997d73d396,A1
bbf65e7823171a84e70a495dd6c34ceb,A1
bbfa16828a49c356b46dcbea56ded834,A2
bc0cc7fd03864119501b931413dde0df,A4
bc0d7bb032bbf422fc74bb279c47de1e,A1
bc2387c48428a2e128eaa3d5b18b3591,A3
bc3e7032668d3f411c227eec09221362,A2
bc7b9e0d078c0c01f622b38cfcd7ee9c,A2
bc877a9f97bb3f3d4fcd5f86028f81a9,A2
bc98051cee7c0111167e6f40a4ed76f6,A1
bcabe34e299eaf51bb601e89401e25e4,A2
bcc9a08b533971412be737fd5bd918b3,A2
bce006e903be688f122a39f45b210090,A1
bcf0a5f0f3ec8639f940749aab360d8f,A2
bcfc9032cea53ef734a6008742d954fc,A4
bd0512ab6c631a62fdc974a682600f56,A1
bd0f8d6b6bc185debdf79f91ba30fdc6,A4
bd748b6890efcaa0e79187653b2d6a91,A1
bd86b1862fe796149a4d2af57bd85451,A1
bd8e0f3ea9fb694fc53c7a358643fc06,A2
bd9faf610de6660a02b39510406c8e9f,A2
bdb40fdb1df62064c8ee38b845459e77,A3
bdbc3238ae12ff1aab4853dbcbc2241c,A3
bdde9ce1c27b88a7fe3ef13ad6a80b5f,A3
be08ef2ebaeb41941a53aa75db874099,A3
be33ce67f6c02b468b94afa895a955fe,A1
beceaa52fb2f761e647222b3cf7ce0b2,A2
bf087cbc0138d7066e1c41d1a97973dd,A4
bf1dd33f93c58ea45d677d7e871e098e,A5
bf429f20c75a39eab83442cda8e59832,A1
bf448042b40749d8b95fe00c08a9b5cb,A4
bf482716881b0c14af9efda1fc58a649,A2
bf6504419e536f7c4c2461ebb0689d48,A1
bf6656ef50e6fd00e7517b01d615b4f3,A2
bf7e07e4ccc7df0889db4653d60c3f27,A3
bfb33fedf91eb21f6d32ad5345989a6e,A2
bfc84496b1100cbbd83a6f8087526168,A1
bfcdddab5a2fe5dd1d1b8330795f4061,A2
bfe14bfa136397036c4fd0cade75c68c,A4
bfe1ecef0f01ad67e5e0cf1860e94e60,A2
c0118e2c0a037c31aeca71d0b81f66a1,A2
c0394cfa96258a94e368499f919a3ba6,A4
c04a6c1c190e47ec62b4bb139921331a,A3
c05e676aa7a9139b522ba75149226825,A3
c0842fc6a034863db2d8479df8435492,A2
c0ceb197de4a31388883a6369ec291d6,A3
c0fc2e3595c750de75d36e7db9399e83,A4
c0fcb07a9959ae14f01bad208e445cc4,A2
c143eafe10719dcc7dc0a855b2e3554d,A5
c17526359e1068290ebf7dd22a856de7,A2
c17dec01473d89441bb6a93fcb58e663,A2
c1977e8e3ea0900e70cd1dd70123d382,A1
c1d43ef6f70aff50201a1b882176a346,A1
c1ef581a9af244904429f1828f2747b8,A4
c2551ea089b7ebbc67a2ea8757152514,A1
c25d2fb6d22e04ce43c3652e3cacadad,A1
c27a30338b5d9d59399825f77e7dcc61,A2
c28b1528e093df4b2a5d47f6f2b0d5fb,A1
c2919fbdb45366551c1e80d5cb35cd3f,A2
c297bb9230dc3152522d0c2b4caa7a1a,A5
c2a444c39a2d87b50039f910db917e3d,A2
c2b85086965c0fed46df434ddd474a9a,A1
c2b85b27ebd380c2c156e3e8773bd4c6,A3
c2e9a50bcf76b5783bc96f906f95bceb,A1
c2f7ac13c2e0937f956659002e5d5783,A1
c32c120fa230c291ecc017406aa2f39d,A2
c35ffdd9679e194c3673533720b5e00c,A2
c36acb527b8f2c464abd036b879f4ec8,A4
c37449d8b51eefa148cd87b2c605a1c1,A1
c37cc6c1a59d81460a3059744f7ada1c,A5
c3a1aa867de7bbc426695e756107ed38,A4
c3a8c3c742829113458555ed8d300404,A5
c3efecdc2ca34416d845120af0bfca09,A3
c4063084f01f085897c04bcbd81fcb69,A5
c40b4a21d854ab194280dadc8998061f,A4
c411c8b6dbaffd467263f87a23f2cf52,A2
c45ece361aab055ea6c55b61eb2d99c0,A5
c499023d38f0db1bcf3db96b3c8a5dee,A2
c4a0864ef7d2deb7cdb86898faf6ffa6,A3
c4cf9b10d2668bfabb498d93004ab4a0,A4
c4de6c1719eff03b6d30aff09571e272,A1
c4fe9fc8b5e1b4f9992db983d0429854,A1
c51a1ea9fa9851c70f89d1178c861150,A2
c51a1f42780144ae12d0e529abc3f83f,A1
c5400d2fca348bd1313426efe4b10a51,A1
c5cc0bee4b73138ed973a1720df085aa,A3
c5f6047fb345ffd234cf5b26268988be,A1
c60635e3c36e27ff9222fdac1ef3e17f,A2
c644c379a96ef9468f073699ae37a84b,A2
c658495c41a24ef33a852db6840738a1,A3
c694ffd0ff6d172ecf34fcd4202c8693,A4
c6b2ccbe75ac5addb40fcff5db96a5c1,A5
c6df3869c263531ebd51f0454a353605,A3
c731a46dd44dfe456ccfa8968206943d,A2
c76762dfb642ac154475239639f7f8f4,A1
c76dbe63126a89c815fe9716acfdb4a1,A2
c7819760e70376028f519e3b57e6c441,A2
c7c19110042036e6266adc998cbf1289,A2
c7fb8ec1ea35af7e89f989b6e17e2bd8,A5
c83c41456526926a16e2f95d3652b6d3,A2
c8460e4251689ba205045f3ea17884a1,A5
c85df1c6ef6f7bb605e1c49d34f172ee,A1
c863f613022e5ce024c630ffa65ab51d,A1
c893e6fe915add1b28ef934048f0023e,A5
c89d91308d60d2f2076d20296962f2c3,A3
c8abffe7e68de3d6c4b6dd6d4c320dd4,A2
c8e2ea7e324f7dd660e7481ec85bef3c,A1
c92f31f36283b5e3c4b4657734ea8c16,A1
c937a5d7fe89380c128d9b8746495474,A1
c957b57bcaff0ed3a494d95c865de4a1,A1
c968cdb924339d7a42e0c448153b72cc,A5
c988628b7bc5d9c645eb7a3a66f31b46,A1
c9b3b24308b1a4587ffa3e60fafc2b1f,A2
c9c6d353f4101827b3dbc83b093b2fe6,A1
c9ec7638cb8f2dd8e4439fa8374d89e4,A2
c9f3502cccf5585cea25aa7de58f6cb5,A5
ca0cd77819a2427d6ca0e0d0e92de58b,A2
ca12da7d856692d5cf4960c5edd99756,A1
ca26c28cab4d8cef1f2bc24e9bc78380,A1
ca55f9ebddc988ee65f4dea1a93ebc98,A1
ca6d9bc2e717c2a0aa19d77a3bfa5398,A1
ca77025e7201e3b30c44b472ff346268,A2
ca994abc57b0bd7981d91d0061b3d8d6,A1
caa3d56b7a6777daaa2793053bdf2309,A1
cabef558b42bd1d2578afc81048e8415,A3
cb06773dbb3415543b78720a3986344e,A2
cb36d0f12c99d07935b706269045f613,A2
cb4253d36367737b6baa4f8ca58fac62,A2
cb4f48aa5b4657435b012a65f2a122eb,A5
cb57be427d5e8c06c10cdd1540df1e00,A2
cb5c545d96f39390b7f372aaa88c4a7e,A3
cbc71e02efb1d43b84f80b2a64d6013c,A4
cbd08b04b3f301152b7570da5e9c8cc4,A4
cbe71e4cb0b82b97bbec5cd51e0fa3ea,A1
cbebce165db72a2bfba9e81a3411bdf7,A2
cc025521d96a3005316b61cde71907db,A5
cc0472ed54d7ef34d66a4cad6bf2e666,A2
cc14ea7099959d91a17c9d7c3a46721d,A1
cc22ee560df02b4c4f088ac4233fa87d,A4
cc2bef54fa72102dca9777ff483f75a5,A4
cc44d1f72587f44e3af25f68f1db8cd2,A1
cc47f99364c6a2b50a87c1bbb3e4f0f8,A4
cc492df9ae61715ec0ede787f6f086d9,A2
ccafc1c3f270410521c3c6f3b249870f,A2
cd04cd9aa9eb0b51b40a2b124f3a93f3,A1
cd0e1d42225b7f4cf78a382e4f57e704,A2
cd11a0920c498edb1da9ecd2d31aa599,A1
cd6c68c5fad15e0a5a5c1150546704e0,A5
cd86f2b40a6183a8212f9053bb0aaf8a,A5
cd915c60db8686f9a3dc35745aa1691c,A2
cdc8b0d152b868db7e28de59f642c94a,A2
cde37fe3a24ad875f5ff1482fd80a43e,A1
cde6577300fbd06655ff162902f15b2a,A2
ce41a50f9ff95ef577cb759483fe9165,A2
ce6160651998b40db0a0f3b9d69f7f3d,A5
ce8b665ad7a00dfee2a4fbd19dedb82a,A1
cecc19ff12c206e6368dd1e9c22a848d,A5
cee4e6509d99d45518c65d26971c1cbb,A1
cee86ef4954e9d77f02cbc2276dd75e7,A1
cef2883537239067f21cf38c1b2abb32,A2
cef29e793e232d30250331804cdb7000,A5
cef42836ff25476d55c9a3e58f8da99d,A2
cef44ce121b124fdc3438472b1ac4e9a,A3
cf26c0ed98d29abab5c9fe2643f88d19,A3
cf32aeb4e8a323e6499a573ac5c90326,A1
cf56ccfd32ac8a510501a6fa69972c74,A1
cf7d5df4ee5ebe39ed41f0c5c1584b1c,A1
cfa69922f9968e0e6271647abda09b09,A3
cfb025f193db116549c9c23e4d58e3e3,A1
cfdaaa0caea59b06efb4b0fb8c700684,A1
d0145502f422d4a9387f75186674f29a,A2
d0175fc564515a47e95bcfdf40e6bc07,A2
d02cbb85434c84acabb8e81bbf064d3e,A3
d0401aa66d5c33ae752ece32f8474d3c,A2
d052fe86655dae0e952c1bacbbb99d7a,A2
d059a0ec4c911c7abb10602099670325,A1
d05fdf65460ea1bf8735cd5843c3d97d,A2
d0813c57df04369487ff42ab24dd0ac7,A3
d08c29302907086e8fe823369542f3ae,A5
d0924cc48eeb9e613a31e365ba1db47d,A2
d0b2f9c9f13d9048969517d02237b432,A3
d0c62583f73531eba6338b2390e7a861,A2
d0f6a442ee95ea8674c2d8ba325f41c0,A5
d132b863416f85f2abb1a988ca05dd12,A5
d16f2966cda34d01f661bfc50635edb2,A5
d21fb1e8aee69c608f5c2fb5b6c28cad,A1
d24e1d0902dac57dd313bcf4f9c80160,A2
d2560fea402745a0f20f542f829c6109,A3
d26c616e241736e0c1c1ab14150239e7,A1
d270eb25f6d487d94778d358b01c651f,A3
d27295915d486516b99c3aed8628e83b,A5
d2c30c00f9787faf7349ea558c153613,A1
d2ecc28fac1b377eefe7b209a895626a,A5
d2f38262a9f66d15aa9fc2b60ea873d9,A1
d3359a56d96666ac0c21bb01e7a61c95,A2
d366cfc097d250c153a712cebfc7d94a,A1
d375c3a3a6bff030c08c6d4109b3f226,A2
d37b5d5b492f667ea230e377a97fe859,A2
d3857f98166ef23ca95d44cbe9b1828c,A1
d387ea85dc301a91740e31360d355686,A5
d393419796111dfaf317ca354f6c30e6,A3
d3e6520dde5fda9917fb56ffc3066d66,A1
d3f15df5924e63131bcdac6364b6a6fd,A4
d42abb03c8796ea293a48772c24843c1,A2
d42d80a0e58167c0dbb59315c93788bc,A2
d43c6aa82fc6dc2c43d6813a4822081f,A3
d44ccec15f5f86d14d6a2cfa67da1975,A2
d44f553a3663a6323c901cf1f0a47c87,A1
d4a5e9f19897de65433c9d97bf4b9f8e,A2
d4e5ada242c876e58b2dbbcfaa80d977,A2
d5419994a02a55d4b7cd00e77fabdbae,A5
d567f29ec5fa447c99e949f337f3a35c,A2
d58760239457cc420d92744d97087921,A1
d5b4fce33a7ef8e6025bff334e6bbf1d,A1
d5f79f616536f08c3946ee6ac810a43a,A2
d60483078c0c81748581f80d355bbcba,A1
d64023c35e5c1452ce568e993ac12c86,A1
d65921a138c59000aff343f8c991b896,A2
d66f438b3fcdcf22e7224aaeaf525443,A1
d6903bc66ac9ae94d0bec00ea5c39568,A2
d6caf670c8bf91aed723f242cafb71c8,A2
d6db3091e8c13023bf1e6d367b8c0847,A2
d75a854dd5534f42bfac3299ac2d0b33,A1
d75acd4c5b7b4dfd32b9d9172b195419,A2
d7a86208b8dd2e697ddf825c386a0402,A2
d7a9f47a1c943e087a775dc2f9d43eb3,A1
d7b4f3c9c89ba771ef099693c61d7085,A2
d7bf7cfe09c3d0f40e1cabde2dc17fd4,A2
d7c6335139cb055ed0ce1125ddc788d8,A2
d7e0432688bbd72d3567568903f6117c,A1
d821b0981be9795c42ff1b2dece149cb,A1
d83257348027bd8c59a228cc034de5e3,A2
d8a89dc47bde7dc0b83a3434cc017ee1,A4
d8ad2c0c09bb419ee20bbbda66ed6d9c,A2
d8ca95d946a44bf4af460bc5eea8c00f,A1
d8dc373219d0f95053c8d65df85a7f1c,A1
d8e4bf349af9df104faeef494ad2c6de,A1
d8f3c4f441a9b59a29f977df16724f38,A2
d8f979fcfc0ce686f6abf5af5f5217d4,A1
d970a2354b55cfb67fa5840b9b4936ed,A2
d9ad5b8ce105bd3baced4648987fbbfc,A1
d9e6c750121d4d84ba6f2cdc6cc80008,A2
d9e97e176fab9b275f9665eef6151a7b,A2
da1e7179b9c5a1494d78528cbcf05aa0,A5
da29b8a3970adddb9ed2dc8a492065af,A1
da2b78576894a7f95d45bfd20250cc54,A2
da5bbfd583efb762f6fda762f1aaf4a9,A2
da8198ea45b815ac5588df1dc7f66661,A4
da8ac849037c7201a41a4db0b1fa963e,A4
da8f764b90a3b800f31d093c22cd3074,A2
da938ecdfde4d90f6c247bfa5233c66a,A4
dad9e634284872d012677965e512b57d,A2
db03954a9a1cc5e71f6e0f73e81a628c,A1
db07fd2ad9869f8356b1fbeefdac31e8,A1
db094faaa9628ba9f5e5da127407f139,A1
db539c729198334582efc7b53c803c79,A3
db856e8cb7586dd746d36ee69f7dbe68,A1
dbc19912d7a5ce777b71178146f803f8,A3
dc1e294dceea9fbe6bd8646954e03c95,A1
dc450fdb03562a6d52752858f7855348,A1
dc48b0a1b0e6abb6586f322c189f6b93,A2
dc6502a8fc5ef5239994a36192e7a0ca,A2
dc813062e0fc23409cd255f7f53c7074,A2
dca9a13536adcef18c6c5859487347b1,A2
dcae10a371a35e87b7e88b8724a7bbea,A1
dcc9c0fd8dbf091ca2965710ef45c16c,A1
dcd27efb93b723b301f8bac00e5d7e01,A1
dce6dc77c19d239bfbe9d77dd4d0ef98,A1
dcee1e44ded6f1bfc5b4988d771243da,A5
dd20866f2a6d0f83a61cf8887a09528d,A1
dd25b514ee922669e5de2d638199a3e3,A1
dd47740f3c285d15d8c9c72fc204e78a,A2
dd6ca4bccbd21803d32139af5b908fd7,A4
dd6e665621eca3de5e37b072f7d50f0c,A1
dd7b0e9b51e5377bd9c1fd3e286c7b9d,A3
dd8253fe17486f2e2cbff105e36e4a55,A5
dd9b235dbe7d48c82caca4da097a2240,A1
ddcbd9c87bce192fc14812129a7894da,A1
ddeb6f3566dcf17cb455271ac103a73f,A2
de226a12fac20b56580d731ec8ab8623,A2
de34b16117594161a6a89c50b289d35a,A1
de73179fb08ccaa16bfbf6c139879855,A2
de8ce480b6119f2835ce8ad07c326793,A1
dec5217f924eab1dae338b9b54f53558,A2
dec8632530ce2c58e688e63cbc5105e6,A5
ded4351942c7fc292b88e5b090af2b46,A2
df2a9226267aa1598b499b3ea09fcf60,A4
df5ff0c899dd19ed568e3e0f716cbe20,A1
df946ef265626b1e0a425292815ddead,A1
dff33bfc45ae0becc55ce9b50acd4073,A1
dff5ff8f411dd1d77875f7e17a3eb512,A4
e016365b624d1755f3e2d0e8f1631ebb,A2
e0233c751408137ec5cdde0c37e6a61a,A2
e05757dc57fc38f5156c82e9e4444f8f,A1
e06e62694cd8ce637a1c3f4a624c647e,A4
e0836a97eaae86ac4adc26fbb334a527,A3
e09e509936d44d03ec876c40b0f6dd3f,A3
e0a435b6106cae0bc42a2cef0565b622,A3
e0c99ffdcd8891130985ac90cd2d8eec,A2
e10b68125f54adc15562b1fa412e655a,A2
e11a1b428e150830944b665cb6b2d5da,A1
e1224167b1a3f92781c2ff55b0b794be,A1
e12f7f1e96f1f9f6361572028a1fad5a,A1
e14705d2e06ab8ee7c665f21c72f874f,A4
e14b8cd578c1f576594719bce2ee1aa2,A2
e1b59a2032b34097d0c1c8d320f40832,A2
e1cc1be2730188040748affa422b2803,A3
e208e280c8d8debab258793b0ce264ba,A1
e219a439f6ca99e32824bcc7153969c9,A2
e226254ce0c6d5b7a7ef7218c9b5b518,A5
e23daf58ce481f3d38066e654ef610cb,A3
e2439c7b04c3500e7a4aa7a208e78f70,A1
e246473a236ca29747182e7986dbdb7a,A5
e2492e4188991b6276a4a62a287a5451,A2
e271fa40aa8fea4e0f304b3768b65d6a,A5
e2889baccec81ed3bed4d66c1c675cb2,A2
e2af42f42a86805055a8e71af58ee71e,A2
e2c87a07e54c863d60af789a9233bdb5,A1
e30b83af13d6ff0b0f427b2a67c43b39,A5
e325e139452a1ca05f5a33acedd7d94f,A1
e3301490c373db9263c15a73172d0c6f,A1
e35b2a3c980b6e0fc66c66b8e1122e93,A5
e374f0ed9ec35b9af339460a75c4d096,A5
e38a9d13896946501404c6d82790728c,A2
e38bf9a883752b0b65407a103fd7ef30,A1
e3c95cff4b8cca496061b369eaa006f7,A1
e3cf594a99e810f58af53ed4820f25e5,A2
e43c9920240823d6c97bedc723c25281,A1
e43e7031cd89dd0ac61dd44b840c311f,A2
e44110c2ff342e5bbda6c2224d94bbe6,A5
e4419ca71e493f57fce5809d2039e9ba,A3
e45b0c7dd75287df589a26fdb7c2fcaf,A4
e47e3ecbe9ae12ecbfc5651bd62d7733,A2
e4951b10e341a56871ef584deab3f2ef,A2
e4971a4defaf07a1d7f2ff615a32c809,A1
e4b98eebb8983cade8610c0def59f705,A1
e4d18909afd252a0289765acc614d3e0,A5
e4d800060f85d896b83b4c3e3570065b,A2
e53821a413d5b137cd9005b41f09dfe0,A1
e53fd5575f1418397aae732c5755b6fc,A2
e559969619d1a0922477a2d8cfaf50d9,A4
e58043c5746b4d123edd5fe77ef48696,A3
e5912280c9d8c14b4e7778df669dea07,A3
e5bdbd18812e42788e7cbad7058fc0ab,A4
e5d71c2a04ee3a370295b3290a85b2fb,A3
e5f19a93cf85b13edc0376d90e4a0ba5,A3
e60856952187516c3397a2c4ac63aac4,A5
e60d32d446c543a9af42c36bf266b0ed,A1
e64ab18890c89066fe47f8abbbf180de,A1
e65862da4f9f183565831cf7e1cbb7a5,A1
e68365f0fec5a377bd6f49cb444e453c,A4
e68856e8450afe7390b02d1b2bcefb29,A1
e68e1b61896163cdd7f8e07b2ae814c9,A1
e6ae3727da5a849a77c47c7d661bd152,A1
e6da0e9bb3545f5468975a2cf67ce246,A3
e6f7a95a474d4f2224834b896c22f66f,A1
e7039843c54c69530bbf70d926baaab6,A1
e7688fef5438be571d0c39bbb3e8e998,A3
e76f5c3699e402d57852989386ab1cc4,A4
e77723abebdc6d6b95814047f75c2aab,A1
e7a57c5b35cdb485d352afad87560042,A1
e7ceb5e15c42737c00925a715525dc67,A4
e7e84072c5730f21d38aea4e37d531f0,A3
e7ea4c3049b0ffcb326d8fcf44a06c05,A1
e8001d7ab27230c1f2fb39aa63aea136,A5
e836a4279bd9127752d8949d46f7a5a5,A2
e8663abca66edfe7b18d03a921637578,A1
e87c2e2e5985c5996ec20651a3d50fe7,A1
e89bf89e2621b5aeb4c181e69a8c6952,A1
e8a63b5829f45bc153ed838ba9de6c0b,A2
e8bab621313ad2a3c0ce8e3a023ff9bb,A4
e8fee231a8a4901e2b0b5a2324eb1405,A3
e9523749328fe82cd18a39f8611a69b9,A1
e9659b474a13413b36c7a5c1e6d7055b,A2
e97081db25f1967ef831179b1995eead,A4
e9b87dccd9c326a3325385087eb0150c,A1
e9c905c9d93eadb270434d5f1de50fee,A4
e9dd12dca17352644a959d9dea133935,A3
e9e96ff4f36a319a3621b95b43343532,A2
e9e9aa9ebf0957826090f74c9f5fd4e4,A2
ea09b32bf96ba057088e140c6bec60da,A2
ea2a4a14c49ad9a9d64d2b7f91f0c293,A2
ea94f7a5177a14fde12ff625b03dcd7a,A2
eaa604ab9f816252edb7a8d297f932e5,A5
eabaccde0fe3120d2cbbcfc93e2b4177,A3
eac6dbc8ecd0a2f08ed8e53d18f0e0d0,A2
ead394416d4f85207932cc124eb145e2,A1
eae0a83d752b1dd32697e0e7b4221656,A1
eaf8b1aa185199a62be13fe370e82ad1,A3
eb28e67c4c0b83846050ddfb8a35d051,A2
eb3401656cd6eaad985629735dc1c339,A2
eb4520b16c32518b6615f2d50f1be1bb,A2
eb8367e178d144706a4ff3da62d284cb,A3
eb89ecac165940c95a05cb77e89a789d,A1
eb8ace0670e08632f5fe8977b669530e,A3
ebad8517c448bbd20ca1910bf1a33819,A2
ebf40c0db4fe06ddd15a7a44238c986e,A1
ec0f5b4fe392d71f361112c1b508b707,A1
ec1a46ef8409aca3b3f94b01e02d6582,A4
ec2ddda7d56bc6dcf0e5e5f4b9f67fef,A1
ec441c1966bfa602976763f330fc5168,A5
ec6a85d8bf9c7a514c411a1287643d1d,A1
ec7f1811826ab04a27a92197bc40c888,A1
ec8d6e9f822cddd2f1408b764cd173c4,A1
ecb2bbf5c566fab74d5ab5f3cfd2ba19,A3
ecc693b513a0c362c8da8e6beeeb545a,A1
ecc6d0f3eb9435df737e1f0d9a1c6d3f,A4
ecdbc4bf2201c807294c7d8c4b777032,A5
ece908ca0502def5dd56deca8a5c67d5,A2
ed42ccde391485cde5b0699b84b5c070,A2
ed4c785e11a78a73c48fa3af98008292,A1
ed7ecb1bd52fef9f35d06b0f09c79539,A2
ed873efbae1f165689d2e836f7a45a20,A3
ed917c786a8a3e411eae87aeca27cb27,A1
ed91e2bcbc71d72c1d7871961a01d3e3,A2
edb73fb9e9c6e283badde40e37f5c9e5,A1
eddc1407b097ef7952deb24806c9059b,A4
ee04cc9bca4c9198bec5c54c2542dd3b,A1
ee3adea169ca02ca9bd1e80bc620856e,A5
ee4a5dab94b427525ea24bc30d4442fb,A2
eed4189bfc1ea0c708e927cf93d63bdf,A1
eeea20d93b0e221411defcabab3c8949,A2
ef1d0f1922417f396a0aa0a03296c572,A2
ef309784561fed416ff25e05ddfe495e,A4
ef3aa901ca7f8bc099be6fd33f8daba6,A1
ef3b6ab8a1704ead096adbcdee78284b,A1
ef6f8fd740ae1fe88a80a321306bac50,A4
ef7200d5b0b899369c77c7407ec5502e,A2
ef7ccf8e6acbf1ac71af305967e708c3,A1
ef89c781d27561d99c4b90783fde3c57,A1
efb164704e9f4fc3867f6f59f5f6dbd6,A2
efce1ab3e96ccab8b1b464326bd22417,A5
efd22f5f8fc7e5035a4f48bd92c0c69c,A3
f00aa1cfc257dfff20184269b19db923,A1
f00e99f043c33da533ebc107f5a68c4e,A2
f043529722a354cd3f185270e0c6aa15,A3
f06d35a600b606329886d392afda66c7,A1
f08d5e0d77469bca395ed24633b8f8d5,A1
f091cb60c97d35a42101a95cb825f821,A1
f0a8e36658d6d08f6e96b9ecf389fd52,A1
f0ac405c280fab1d087b8982e7801b54,A2
f0daba1cfcc18d5a3229e1a911313e3e,A5
f0e310a6839dce9de1638e0fe5ab282a,A2
f0fd988c7c2a4cba167138a8adada6ca,A2
f113042ff356f926d517f3087d4a1ba8,A2
f11821d908830e74ad782532ebed897a,A2
f121995493925a5ef0b46a13f594e0ab,A2
f145d50379275ab9931636f83b0102eb,A4
f172c33b146e90b95ee12499eb6632cb,A2
f1a325803dd4c341c5a946ac84c71973,A2
f1bee02ceae8a430506b798786f766b4,A1
f1c08d13b8520a6efa197627fada3a56,A2
f1e73ad158b38954c23f5668894b3d46,A1
f1f30eb24d90309e4ec02c385a17e81f,A1
f216de65ece42736f341247dcba60ccb,A2
f22da779a017ed42f2c4e03862584885,A3
f257deaa49d5e0a8c5fde46dfc350e52,A1
f25c82f041560f45f4a408157ff3a5de,A5
f25c83fef4ae7252feec416e7927acac,A1
f2ab7bd70a9a23df0dac0be98f038374,A2
f31ac54af6af7097bddd1053011e7a3a,A1
f31d2c22ddcad145e224e6dc48f349b9,A1
f34cd7fd85a1f8baff886edf09567be3,A4
f3738f6f5687da7c7ae0623172be00bf,A2
f3b75d6f1b2a6555223b35fcb52dcf54,A2
f3bf3bed9936aecd7792e6c49779dedc,A2
f3d176999f9c1273045f770712608944,A1
f3d7cb12e7dc54a424d935aae4426461,A2
f43a741f2b86fc593b013959d7b34083,A1
f46971f1ac7b376b668114a027c98e78,A5
f497801658db70e1b18c76268001e944,A2
f4d1502ace38b0df6f052a5544add9f4,A2
f561632522774ab728bb93f8f3ab5e61,A5
f565c1cbc438d2561d40d780f1da28c5,A3
f58595c5ecdf5e9781678b83ba2e0c21,A1
f596242db91986b554f25768577cd5be,A5
f5d32f2ee3d4caec1870de481c276bd8,A1
f613612c35de4ffbbdb680f32e3baa80,A4
f62d6572c9c25b3796d058d7b833f8b7,A1
f64ec6d8dd29940264cd0bbb5ecade8a,A1
f68cbab6cbaab1d6226e2dafed486578,A2
f6b12abd5112545273ecbdc84f6cf35f,A4
f6dc4789e4669873c35f8f92fdbed89f,A1
f71da337f7e2b3a70c74fa505f0f6ac9,A4
f720a16300d5b9dfa4639686e56561ba,A1
f733f4254cce4a375a82258c272d1549,A4
f7471d502dd946e0a2cb6020bf076808,A2
f74a075d2c4f68917c7d568df06b1e90,A1
f7b62c75467e8ce080b201667cbbc274,A1
f7b981e8a280e455ac3cbe0d5d171bd1,A3
f7d2fc6f0a2778f53d2a6bfc27bd0e8c,A1
f7d319c00224031393f1ba82343db3d6,A4
f7d7fc0a59ef4363fdce6e3aa069d498,A4
f7f7c86a6751896d012ebbe10e3fc6f3,A3
f804ed90360900357b6db9d7635d275d,A5
f80c7e4cf2fa8ff3532323f19bf603ba,A2
f8308de7370e6293120c537a031f4cff,A4
f87108f2ff59f6cbc898ca230483c0ab,A2
f8af7fabb3e9e70beee01db243cd3eaa,A3
f8bc1d81f395f6239a2a5ab1b9edf1ab,A2
f8bffe1586fdae62dd3646353a25f958,A1
f8c74f26f568c1b52cd212e700e977df,A1
f8daef44c2589a488bfed29f1be8396a,A1
f8f6ed51ded0d4757a6153f5ce0f8906,A1
f9165be8a411384aab9f945394418a0c,A2
f92fd2c87375f957ece022972b16849b,A2
f944ee56d8467517955c2ddc7b0d486a,A1
f95407bbebadeb8eb236153ba339e998,A2
f95de29d9e810e69f55626ff1bbd4d60,A3
f96be73d5c1d3bfe8fcba7924798ba91,A2
f97ab9c166ca8d6f5313653ee439a6a8,A3
f982853f2882760f3a52e7bdfabb1080,A1
f9ae226291893fda10af7965268fb7f6,A1
f9b5d3c8bd2dc9c26ff00bde73171554,A2
fa0ee7ceb94193fb02aa78ce3a55695a,A1
fa494e4132e6539d70a8478f1d0cf3e3,A2
fa980c101c0dcecaecd3a1b5984c6b5c,A1
fb490a070c5dbc385afadcf0e56270bd,A2
fb4accbcbcd54672a8a8b195d9ff0ec8,A3
fb7e29c65321441231990afc201c1b14,A1
fb8bc250f9f12a9121282d4b0d59485b,A1
fb920961e4d8e55fd9c357976a611765,A4
fbdd85f919749a8e7a1290c6452024e3,A1
fc19fe9ac733e36ff8227c29435c2030,A2
fc24db02becd484accefaa5af59c18b1,A5
fc685f5d020dbc22ef7dae7822f336dc,A1
fc719c11b4dce594f47e1f9aa739a3a2,A2
fcceb56470bf0b4d59caa87e111ca69e,A1
fccfbf734a92029859c4fe58eff05114,A2
fcd0ab79592faab19e2bf386cf69fbcd,A2
fd09c64a101e3eff4adbca1b28552514,A3
fd47af963b760f05fbc357474509905e,A3
fd8ccc89be43894d2553494c71a61fd8,A2
fdb1f3e0dd15b657acc64314ce89688f,A1
fe3e52de024b82706717c38c8e183084,A3
fe52c2abb172426dd6416cc69e6b3689,A1
fe59d5878cd80080edbd29b5a0a4e1cf,A2
fe81bb32c243a86b2f86fbf053fe6140,A5
fed519569d16e690df6f89cb99d4e682,A2
ff03923ad1eb9e32304deb7f9b2a45c9,A4
ff22e30958c13ffe219db7d711e8f564,A4
ff8892f7c26aa0446da53d01b18df463,A2
ff922bdd6bafcdf99cb90d7f39cea5b3,A3
