feature,one_time_median,active_median,one_time_mean,active_mean,cliffs_delta,magnitude,mechanical
n_orders,1.0,2.0,1.0091370886157687,2.1462469733656175,0.9913426803929857,large,True
orders_per_year,1.0,2.0,0.9623120316836282,1.968228898722081,0.9910010164394474,large,True
n_sellers,1.0,2.0,1.0187907617469167,1.899273607748184,0.7503148627441927,large,True
n_categories,1.0,2.0,1.0109666587744033,1.706053268765133,0.6289604200470023,large,True
total_spend,106.3,239.16,162.23811016164788,321.24999031476995,0.5669794872898686,large,True
recency_days,224.0,170.0,243.4711896510902,195.72154963680387,-0.1770922597951059,small,True
items_per_order,1.0,1.0,1.1371711257955044,1.216605941811753,0.1319500643307201,negligible,False
avg_installments,2.0,2.333333333333333,2.9116756531815127,3.2046859986932628,0.12152730960571678,negligible,False
cat_share_bed_bath_table,0.0,0.0,0.09258624479758183,0.12489503075091492,0.09149865639557109,negligible,False
cat_share_furniture_decor,0.0,0.0,0.06294106846518853,0.08042511787873795,0.07200090558641437,negligible,False
avg_order_payment,105.42,115.105,161.0096461896101,149.33042857527192,0.07103450732579919,negligible,False
avg_order_product_value,86.99,93.6,138.1646087051666,126.3775195068988,0.07018888846094984,negligible,False
cat_share_sports_leisure,0.0,0.0,0.07661121541158479,0.10085364064385313,0.0628097924035913,negligible,False
voucher_share,0.0,0.0,0.029326122498694384,0.046683159942317226,0.05920068578479043,negligible,False
cat_share_housewares,0.0,0.0,0.05893393719176071,0.057757633542159875,0.0506879272395504,negligible,False
credit_card_share,1.0,1.0,0.7554877503654778,0.7598940609729562,-0.04555910126356355,negligible,False
freight_ratio,0.2243739565943238,0.2116237071088491,0.307356559696277,0.2638829955354739,-0.04250127178709007,negligible,False
cat_share_other,0.0,0.0,0.31303187981228453,0.2855338490455623,0.04191783669081128,negligible,False
customer_lat,-22.92273583741293,-22.965241968539406,-21.16675913875741,-21.623043026634182,-0.03845778622135887,negligible,False
late_rate,0.0,0.0,0.08185811625002738,0.06633751691891226,0.03400225388407874,negligible,False
avg_item_price,79.0,80.45,126.64802427079046,108.73675765664252,0.03221140022599012,negligible,False
cat_share_health_beauty,0.0,0.0,0.08967213879111709,0.081748476876166,0.031097574799347827,negligible,False
avg_review_score,5.0,4.5,4.111030099117722,4.255684817148705,-0.029286751133055233,negligible,False
cat_share_garden_tools,0.0,0.0,0.03544304796303924,0.03653300986406564,0.0284681168800609,negligible,False
cat_share_watches_gifts,0.0,0.0,0.0573273061837224,0.059317839927323146,0.024114542505571546,negligible,False
avg_distance_km,436.1661608690966,409.7712624966726,604.462964204391,552.6776476663757,-0.02189669975966979,negligible,False
boleto_share,0.0,0.0,0.19960499010067514,0.18014793360281764,0.01998977920907885,negligible,False
cat_share_computers_accessories,0.0,0.0,0.06778272974355809,0.05863828723467089,0.018916077270244802,negligible,False
cat_share_toys,0.0,0.0,0.03939103436508674,0.03535799038182644,0.017880943425500506,negligible,False
cat_share_baby,0.0,0.0,0.029048295182788744,0.024797822109013816,0.0134425485002867,negligible,False
cat_share_auto,0.0,0.0,0.03982237841902777,0.02982165905701588,0.010190426957206178,negligible,False
avg_delivery_days,10.226753472222223,10.540810185185183,12.584457703313838,11.816303304128805,0.008347572167344497,negligible,False
customer_lng,-46.63056296053754,-46.62254036326226,-46.17144341504308,-46.24911642445382,0.0038969652369518215,negligible,False
cat_share_cool_stuff,0.0,0.0,0.03740872367325949,0.024319642688689937,0.003882529765238063,negligible,False
