feature,A1_median,A2_median,A3_median,A4_median,A5_median,A1_z,A2_z,A3_z,A4_z,A5_z
customer_lat,-22.97358985452769,-22.9370497358051,-23.201031635809635,-22.96702757428625,-22.925659249704488,0.08872516602335821,-0.025689565476729327,-0.06466312905606113,-0.05669052046317497,-0.09425513133382189
customer_lng,-46.58860693066702,-46.63987375102621,-46.638888031140105,-46.63192030324474,-46.64058140199482,0.04481440470285207,-0.03554038002982724,-0.03668157245536292,-0.006824889347219862,0.019618236024493117
n_orders,2.0,2.0,2.0,2.0,2.0,-0.05496003133769393,0.17478282045074672,-0.18637372404979188,-0.18113100893116998,0.09855619216928294
avg_order_product_value,103.4725,89.22999999999999,31.965,109.32499999999999,325.3275,-0.021428126169240724,-0.22332681091427622,-0.763923265385013,0.019743564712903956,2.247105000048529
avg_order_payment,127.21000000000001,109.79,46.432500000000005,125.1375,367.17499999999995,0.006240096280502954,-0.22326136875149924,-0.7795381384772263,-0.007702623309597982,2.1915216185769197
total_spend,269.265,227.85,93.345,250.275,776.685,-0.019424433739922604,-0.1723979498582549,-0.754246514904629,-0.05393293852650079,2.12263975013593
avg_item_price,83.6875,80.26666666666667,29.987499999999997,104.95,253.73333333333335,-0.056859805021031246,-0.164747234850941,-0.7261214379934028,0.11705292977049273,1.9509475977931332
items_per_order,1.0,1.0,1.0,1.0,1.0,0.19931178160721777,-0.15926323954769536,-0.3201001084982305,-0.20850592590026,0.6204777015654924
n_categories,2.0,2.0,1.0,1.0,2.0,-0.05016706675582782,0.6360905705947169,-0.39989356108380064,-1.1454879319516753,-0.024119022044176326
n_sellers,2.0,2.0,2.0,1.0,2.0,0.11950297978391601,0.4766672997824895,-0.4578846804642442,-1.2536785241870279,0.1456914179940174
freight_ratio,0.20311461878183423,0.2185897435897436,0.43040571988723086,0.1587755102040816,0.0878018155612954,-0.07183264804332493,-0.07587627291208461,1.2242637253913855,-0.3685209034141636,-0.8170212083289101
avg_distance_km,419.5958739108909,455.2892280890559,352.73545288085427,352.17457657099123,427.8677928820104,0.08149092546915042,0.04283269539366663,-0.18838343513990113,-0.14509569360617042,-0.009465148842323974
avg_installments,2.333333333333333,3.0,1.0,1.5,5.0,0.0015809644255609114,0.13037254597929815,-0.5779618590774446,-0.1701774487483922,0.6588003148461998
avg_review_score,4.5,4.666666666666667,4.5,5.0,4.5,-0.0884914219440521,0.0551456312726942,0.06646922819557503,0.0800014947748377,-0.0675145142304149
avg_delivery_days,10.703940972222222,11.11574074074074,9.275008680555555,9.718249421296296,10.584927662037035,0.07507254079058442,0.06219880007668185,-0.21713897564175944,-0.1471749628728899,-0.011097952788936251
late_rate,0.0,0.0,0.0,0.0,0.0,0.06142360103982247,-0.03535047065883055,-0.08709872485654148,0.011427168130413898,0.0002833250528313029
orders_per_year,2.0,2.0,2.0,2.0,2.0,0.04042745441383356,0.01069738465857829,-0.12265696997476021,-0.07704595253528246,0.09477658143586844
recency_days,188.5,147.0,202.5,178.5,159.5,0.11491304362499175,-0.19670988634829734,0.17688632147666344,0.05724870439341019,-0.06948613953031679
credit_card_share,1.0,1.0,1.0,1.0,1.0,0.00034235328620994934,0.06627482047720777,-0.12348547619350818,-0.1002563731995772,0.07815704095006155
boleto_share,0.0,0.0,0.0,0.0,0.0,0.017232094876398908,-0.05399949347824859,-0.00023274087362407531,0.10311958725964855,-0.008249965456065824
voucher_share,0.0,0.0,0.0,0.0,0.0,-0.007631336714831616,-0.026019458282798745,0.23410962755406134,-0.06421157571674989,-0.14497974146597054
cat_share_health_beauty,0.0,0.0,0.0,0.0,0.0,-0.06799635243448028,-0.02945132437132764,0.03584838874437444,0.2683754541397837,-0.042678461571172804
cat_share_watches_gifts,0.0,0.0,0.0,0.0,0.0,-0.009944635784747828,-0.0559474943605986,-0.11068026121364323,-0.03071803208230472,0.5048796146494311
cat_share_bed_bath_table,0.0,0.0,0.0,0.0,0.0,0.19983840840031325,-0.028340243467874053,-0.16479776507907137,-0.19704746974871962,-0.1981550019032566
cat_share_sports_leisure,0.0,0.0,0.0,0.0,0.0,0.00972617308352067,-0.10307000387958025,0.06047051645637837,0.2905675252020666,-0.15544474222293378
cat_share_computers_accessories,0.0,0.0,0.0,0.0,0.0,-0.05016192030589577,0.017495969712171492,-0.10596175822864767,-0.0866872306797109,0.4552614666627834
cat_share_furniture_decor,0.0,0.0,0.0,0.0,0.0,0.1095220353627,0.03085088985770901,-0.09799407548986293,-0.17916998730780925,-0.18060018090513635
cat_share_housewares,0.0,0.0,0.0,0.0,0.0,0.0292887712316941,-0.01912047512759702,-0.0044039560398820505,0.023300552965207298,-0.07852926979207367
cat_share_cool_stuff,0.0,0.0,0.0,0.0,0.0,-0.0024191354111503553,0.028269931968391258,-0.13320593778439885,0.032836215374632924,0.06213793505536427
cat_share_auto,0.0,0.0,0.0,0.0,0.0,-0.019100056479212545,0.0008470469319878788,0.023527935907045442,-0.0015201632125301,0.04481053806083422
cat_share_garden_tools,0.0,0.0,0.0,0.0,0.0,0.03238986429161253,0.028995055811625876,-0.035318678754916996,-0.0772272427346848,-0.08874644975963934
cat_share_toys,0.0,0.0,0.0,0.0,0.0,-0.01600861908485595,0.013962329119847105,0.02183683435197777,-0.018400176442892397,0.0050332498308330986
cat_share_baby,0.0,0.0,0.0,0.0,0.0,0.029625638745491338,0.015669575821337375,-0.03034369567523482,-0.021056924947895156,-0.11460127506313682
cat_share_other,0.0,0.1839054330529666,0.27173343531483596,0.0,0.0,-0.16681096729876638,0.09267707823205756,0.2866889690973999,-0.034621016821109026,-0.06385120229367751
purchase_days,2.0,2.0,2.0,2.0,2.0,-0.09478173881064969,0.20014012207169207,-0.15701526262813942,-0.15287765589989916,0.07859845384109597
mean_gap_days,37.0,171.5,44.0,42.5,95.0,-0.42517472331585554,0.7168630343963761,-0.3129187076972502,-0.3972672614689887,0.02339970222755001
median_gap_days,37.0,171.5,44.0,42.5,87.5,-0.421117895825882,0.7116167854169095,-0.30882198433327784,-0.39418426391751726,0.015805736875088027
tenure_days,39.0,194.0,46.0,43.0,105.0,-0.4495283694705727,0.7568309270166433,-0.3542458338134097,-0.4339937479904054,0.08892598270170926
repeat_category_share,0.0,0.0,1.0,1.0,0.0,0.072503469567378,-0.66428417225928,0.31505483266324386,1.2496320392659814,0.023405491563355807
repeat_seller_share,0.0,0.0,0.0,1.0,0.0,-0.18091740579090412,-0.5502843369355085,0.41616365049035503,1.6481675361647778,-0.09820178278705831
spend_trend,0.9595413898905715,1.0260450160771704,1.0,1.0,0.9981325706594886,-0.04711150181996433,0.03525289686905869,-0.17730785870584237,-0.19291608383519915,0.6464327515621677
spend_cv,0.43899744345749503,0.4594701454781353,0.1408352736244529,0.023854338074431006,0.7596721927529928,0.1423218558364407,0.18037524456340345,-0.6071552065038599,-0.8519677941202682,0.9105415444560377
