feature,importance
cat_share_other,0.12969801610921483
cat_share_sports_leisure,0.09884951876993416
total_spend,0.08358278066346529
cat_share_bed_bath_table,0.08209011300811789
cat_share_furniture_decor,0.07728508612315566
avg_order_payment,0.07371284694977093
avg_order_product_value,0.04990022008154091
cat_share_watches_gifts,0.045893889564560475
avg_item_price,0.04518459483888762
freight_ratio,0.03239363416208175
customer_lat,0.028510531523636626
cat_share_cool_stuff,0.025015463859542123
avg_distance_km,0.024868355961878898
cat_share_health_beauty,0.022046273169281635
cat_share_computers_accessories,0.016597293542965345
customer_lng,0.01615282486017662
avg_delivery_days,0.015676079184653368
credit_card_share,0.014823825022974484
boleto_share,0.014050878652279174
avg_installments,0.013154499612229363
cat_share_housewares,0.012591318764361146
items_per_order,0.012190899315743717
recency_days,0.011517044101588731
cat_share_toys,0.010001701620788776
cat_share_auto,0.009571015492829002
cat_share_garden_tools,0.008185542663173014
orders_per_year,0.006804918261862762
cat_share_baby,0.006311874836792744
avg_review_score,0.004689893340777302
n_orders,0.0031237935256880033
n_sellers,0.0017074070613244988
late_rate,0.0014040546471332804
voucher_share,0.001298885431965656
n_categories,0.0011149252756242644
