feature,C1_median,C2_median,C3_median,C4_median,C5_median,C6_median,C7_median,C8_median,C9_median,C1_z,C2_z,C3_z,C4_z,C5_z,C6_z,C7_z,C8_z,C9_z
customer_lat,-22.8933171904558,-22.88986623250126,-23.46781150078015,-23.081941798845705,-22.96053634425106,-22.918154218853623,-23.00774539282957,-22.831089434821656,-22.967393340586078,0.15149934881808985,-0.16599714836007592,-0.2431923032327937,-0.1402088365656421,-0.20240930559535789,0.004964307944932294,-0.14364968965966865,0.15978547862223214,-0.24245102407535968
customer_lng,-46.60476545858774,-46.64044015199409,-46.64806929593544,-46.660534613223234,-46.63041368756135,-46.648515374210525,-46.64684109053443,-46.5279243142764,-46.67329655016802,0.057604270844111065,-0.06558487999774827,-0.07796535844516259,-0.08523375932344697,-0.0394764225374537,-0.018416290272764188,-0.0888669743549828,0.15555962339637866,-0.14724346404103603
n_orders,1.0,1.0,1.0,1.0,1.0,1.0,1.0,1.0,1.0,0.12238780029784563,-0.14390703601104474,-0.1503103912109121,-0.15168768667225802,-0.08390863718844906,0.004448553835857599,-0.13998415049228102,-0.05773140580550164,-0.1140585585616082
avg_order_product_value,104.9,80.9,26.9,19.99,89.9,99.9,84.9,199.0,169.97,0.1765816573793588,-0.13372599993276194,-0.5178755667303112,-0.5563756389990039,-0.15997022189219542,-0.018676615148901864,-0.1285646394353271,0.7811287095931397,0.44788019796552103
avg_order_payment,129.09,99.34,39.09,35.0,106.315,119.18,107.27,214.14,190.82,0.1896147993029515,-0.14674826455225173,-0.5416535029870735,-0.574787656331737,-0.16662306889038814,-0.02147975500873394,-0.10036654143876489,0.725719006724587,0.42870995808061513
total_spend,135.0,99.73,39.1,35.0,107.13,120.22,107.58,215.14,192.26999999999998,0.19991913272260697,-0.16285687870611046,-0.5468172390229495,-0.5790659055259231,-0.17380413719631027,-0.019653380972283935,-0.115395333731057,0.7102251988126036,0.40485225761617716
avg_item_price,95.0,79.99,26.9,19.99,86.9,97.4,69.9,195.9,169.9,0.16011911723323038,-0.09845331063244955,-0.5108160094985986,-0.552089994961609,-0.1617597359695812,-0.00459648985701047,-0.1987452691901209,0.8970703553549544,0.532517069039394
items_per_order,1.0,1.0,1.0,1.0,1.0,1.0,1.0,1.0,1.0,0.13349920028562395,-0.22101382021823585,-0.23604944799881677,-0.2450753157477751,-0.06899247116142755,-0.07324355026157853,0.4172103041618164,-0.21265282158557736,-0.2278123541721736
n_categories,1.0,1.0,1.0,1.0,1.0,1.0,1.0,1.0,1.0,0.1278226817996893,-0.14494102493218888,-0.1459953063787692,-0.1497838153915051,-0.1414691012524969,-0.09964245176703379,0.010422289309059085,-0.07207594354422948,-0.10656409816964388
n_sellers,1.0,1.0,1.0,1.0,1.0,1.0,1.0,1.0,1.0,0.12274460557208006,-0.1646962914527909,-0.17044124299361613,-0.17416867799732547,-0.0557546327955005,-0.05420101529131273,0.014669499340187258,-0.0595130315780484,-0.13440656775594947
freight_ratio,0.2023558173130348,0.19384873417721515,0.4585774058577406,0.6163265306122448,0.1988876529477196,0.1879194630872483,0.2532554257095158,0.0788359788359788,0.1079411523470235,-0.11035963934572396,-0.27459196861988533,0.7418934836395127,1.3665211543719602,-0.27453321798808866,-0.2111158167137928,-0.018560406018990852,-0.7160168874868396,-0.6154559124111457
avg_distance_km,486.3422593452715,405.80006351340126,211.73775940619188,380.04921845471597,405.68019146638073,479.0492657635787,420.3531516923069,457.4387565124037,437.7489996466829,0.19775668689994888,-0.2281530846229599,-0.45488740718028403,-0.1945444893202828,-0.17821527194993128,0.045647996587108816,-0.07817204657079842,0.07688129443246065,-0.10656916680095457
avg_installments,2.0,2.0,1.0,1.0,3.0,1.0,2.0,5.0,3.0,0.057385868630621124,-0.0020294536848981318,-0.4941414141492875,-0.548288891430675,0.3840673773326508,-0.13927663343586208,0.028641011188335626,0.8419659976638183,0.4056544999959063
avg_review_score,5.0,5.0,5.0,5.0,5.0,5.0,5.0,5.0,5.0,-0.05131618474147551,0.08531328679564264,0.10865539895165235,0.06661419532021479,-0.0696586843197476,0.10985250356316897,-0.08608940788693491,-0.0017935281713568087,0.08370234181465806
avg_delivery_days,10.883443287037037,9.955787037037037,7.2695543981481485,9.447708333333335,10.792077546296296,10.376793981481482,10.646956018518518,10.912511574074074,10.234247685185185,0.08437859280682347,-0.06598811676248341,-0.37047027682353667,-0.1490390919947832,0.060792668660574936,0.013509804617380898,0.04703487266804379,0.12813865121843163,-0.054817160769778474
late_rate,0.0,0.0,0.0,0.0,0.0,0.0,0.0,0.0,0.0,0.033229116676248366,-0.04768227370017183,-0.10456575379804658,-0.0444049272410919,0.030128359364888384,-0.0031497916268670473,0.006007799671733894,0.04692162772971574,-0.06332546464119987
orders_per_year,1.0,1.0,1.0,1.0,1.0,1.0,1.0,1.0,1.0,0.10082980870160524,-0.11174919809221412,-0.13093831253212046,-0.10353022104455448,-0.05321730866271907,0.027795835123393304,-0.20934752957893601,0.048283989196992366,-0.2097443401763457
recency_days,223.0,215.0,215.0,215.0,234.0,227.0,246.0,176.0,294.0,0.005137069559097583,-0.059045144182627754,-0.04224253382283824,-0.044431671668226924,0.019773879452033658,0.023723737517311737,0.1684726758793038,-0.24917618475828204,0.38305528003661427
credit_card_share,1.0,1.0,1.0,1.0,1.0,1.0,1.0,1.0,1.0,-0.10880978397867451,0.3359561405723266,-0.14796045778301545,-0.1463108597027764,0.1843025764464344,0.034878979436554,-0.02929220589298177,0.5062449429151673,0.1357093802481108
boleto_share,0.0,0.0,0.0,0.0,0.0,0.0,0.0,0.0,0.0,0.11234682229656165,-0.33837706331745754,0.12429591256585122,0.11429886246105792,-0.19019427374572676,-0.025764523246862216,0.03820537153676887,-0.45510942076821553,-0.10962579012334017
voucher_share,0.0,0.0,0.0,0.0,0.0,0.0,0.0,0.0,0.0,-0.004018558611873052,-0.018807572401544827,0.06893541075208182,0.05137871181371594,0.017206325125831708,-0.02611661091028865,0.0037251622192983115,-0.12291390507209116,-0.04223450756379531
cat_share_health_beauty,0.0,0.0,0.0,0.0,0.0,0.0,0.0,0.0,0.0,0.22906765768274226,-0.3131789473872426,0.30055004809241004,-0.3146184621640072,-0.3145392311730016,-0.3142945990836454,-0.3139809304266737,-0.31443454413064215,-0.3143840786212088
cat_share_watches_gifts,0.0,0.0,0.0,0.0,0.0,0.0,0.0,1.0,0.0,-0.14413624317825519,-0.24754297314257226,0.464503960874739,-0.24754297314257226,-0.24754297314257226,-0.24738264793459172,-0.24574923312565766,4.05338032397452,-0.24669904587137118
cat_share_bed_bath_table,0.0,0.0,0.0,0.0,1.0,0.0,0.0,0.0,0.0,-0.18976198255271237,-0.32302976660966654,0.0011796768869136128,-0.32302976660966654,3.1389328924475253,-0.3228607218551699,-0.30593092748506495,-0.3229014760479549,-0.32302976660966654
cat_share_sports_leisure,0.0,0.0,0.0,0.0,0.0,1.0,0.0,0.0,0.0,-0.2525951595886644,-0.2902406800586755,-0.012106171851242178,-0.2903773141575447,-0.2903773141575447,3.467763650302629,-0.28970101240389823,-0.2892527368668346,-0.2900110401837051
cat_share_computers_accessories,0.0,0.0,0.0,0.0,0.0,0.0,0.0,0.0,0.0,0.22189149768435187,-0.2697968918914495,0.12097887168889747,-0.27012423597139534,-0.2700214600181224,-0.26975936641366,-0.2699664790693482,-0.2699113480980407,-0.27012423597139534
cat_share_furniture_decor,0.0,0.0,0.0,0.0,0.0,0.0,1.0,0.0,0.0,-0.20476664604899064,-0.2625573559934923,-0.06994411138584003,-0.2625573559934923,-0.26219291240900106,-0.2625573559934923,3.829658531306929,-0.26131695168047797,-0.26169698150007653
cat_share_housewares,0.0,0.0,0.0,0.0,0.0,0.0,0.0,0.0,0.0,0.18927377582810986,-0.25161102593470397,0.20478921993431617,-0.25175488611994307,-0.25171291334474954,-0.2511980786022467,-0.24448000128576639,-0.25158116235898104,-0.2515299449004901
cat_share_cool_stuff,0.0,0.0,0.0,0.0,0.0,0.0,0.0,0.0,1.0,-0.03679138726821044,-0.19686550531882197,-0.05943359119500493,-0.1973007730953643,-0.1973007730953643,-0.19690779436442954,-0.19568893487887462,-0.1973007730953643,5.108343213035037
cat_share_auto,0.0,0.0,0.0,0.0,0.0,0.0,0.0,0.0,0.0,0.15054794295607044,-0.2037485989564824,0.18328490413489354,-0.2037485989564824,-0.2037485989564824,-0.2032708618306779,-0.20298555130564236,-0.20284999764784203,-0.2037485989564824
cat_share_garden_tools,0.0,0.0,0.0,0.0,0.0,0.0,0.0,0.0,0.0,0.18441821452573331,-0.1925139274036897,-0.059329122180176046,-0.1929595110049673,-0.19280648889917334,-0.19236294829186285,-0.1883964159054549,-0.19276591995899076,-0.1929595110049673
cat_share_toys,0.0,0.0,0.0,0.0,0.0,0.0,0.0,0.0,0.0,0.18202659509102392,-0.20330594798796023,0.008532574750375844,-0.20330594798796023,-0.20330594798796023,-0.20308080306530768,-0.20330594798796023,-0.20174906729340403,-0.20330594798796023
cat_share_baby,0.0,0.0,0.0,0.0,0.0,0.0,0.0,0.0,0.0,0.15268318037467232,-0.1732209025974196,0.02029496686471759,-0.173862482161468,-0.173862482161468,-0.17361535264066474,-0.17005587993295035,-0.173862482161468,-0.1714755561315865
cat_share_other,0.0,1.0,0.0,1.0,0.0,0.0,0.0,0.0,0.0,-0.1673086821413289,1.489615383922631,-0.5860198204741718,1.4914201241480955,-0.6776318260667527,-0.6757685501530925,-0.6696931006119367,-0.6735341108236049,-0.6762533386721099
