feature,S1_median,S2_median,S3_median,S1_z,S2_z,S3_z
seller_lat,-23.49620896060345,-23.45474987581868,-23.48888488947712,-0.010795455437523888,0.013780267882960827,0.01688743914057815
seller_lng,-46.85555360684095,-46.73391307052828,-46.76889712075506,-0.022441484122723517,0.03979216780803322,0.022495951785033563
orders,6.0,45.0,1.0,-0.16707754635775413,0.7071032955870337,-0.2973162277662962
items,7.0,53.0,1.0,-0.1637538991278946,0.696528755092603,-0.29535202976545716
revenue,760.0,5658.585,106.5,-0.13861429713877244,0.6328304674341704,-0.2989197392740339
avg_item_price,95.2,100.34927083333334,89.9,0.018338840567784884,-0.11474378419963868,0.07464026075340957
freight_ratio,0.2063035921205098,0.2007385224197804,0.2064996040234453,-0.004197446076871261,-0.20097681294229067,0.23999537783937422
n_products,4.0,18.0,1.0,-0.18705211924846843,0.8618196176214176,-0.4122569797046793
n_categories,1.0,3.0,1.0,-0.24059348208996686,1.116964128087055,-0.5398305413800166
avg_weight_g,950.0,1183.762358546754,700.0,0.023064351125430763,-0.08557009243791151,0.02741937147665276
avg_volume_cm3,8346.5,11249.955357142857,6460.0,0.01368056445931015,-0.04574913817660778,0.010599751121032059
size_cv,0.3632385120350109,0.6962152468196448,0.0,0.04959498955409886,0.6796837774932519,-0.9181376175229625
avg_distance_km,565.9553397825616,567.5501589248354,449.17236649444277,0.020379293458322182,-0.08002728894283409,0.029226499595223773
out_of_state_share,0.6785714285714286,0.6129032258064516,1.0,0.03450953485456459,-0.04661594463950233,-0.05108185856458086
top_category_share,1.0,0.794992253943944,1.0,0.08756953031663546,-0.7895025041037674,0.6297288418887267
category_entropy,-0.0,0.6695188576994888,-0.0,-0.1302991672498013,0.9696421261381842,-0.7049745738879886
diversity_index,0.4909924664264657,0.7622011136586964,0.2114313789715034,0.0022544500138216967,1.0430452816442082,-1.1867931505717277
avg_delivery_days,11.15910052910053,11.738255752987499,10.393657407407407,0.08403415154361255,-0.021027319281929538,-0.22902133038885197
late_rate,0.0,0.0653955808980755,0.0,0.17466979847605654,-0.030857884274678445,-0.490569750242642
avg_review_score,4.193548387096774,4.161889161889162,5.0,-0.05709505318029275,0.07437080287275856,0.08762909175537398
active_months,5.0,12.0,1.0,-0.05261852873969808,0.9542968232147814,-0.9213100241456109
orders_per_month,1.5,4.345238095238095,1.0,-0.14410678760609755,0.6800210428340161,-0.3357833524113847
customer_repeat_rate,0.0,0.0,0.0,0.04229337257380052,0.034036042461563686,-0.16574154431574448
cat_share_health_beauty,0.0,0.0,0.0,0.00849186945357438,-0.043458787520069014,0.023618408249072416
cat_share_watches_gifts,0.0,0.0,0.0,-0.026045919092803245,0.14133992326519487,-0.0815427121470901
cat_share_bed_bath_table,0.0,0.0,0.0,-0.023878235152230455,0.11635097167351538,-0.05979368139320961
cat_share_sports_leisure,0.0,0.0,0.0,-0.018075363829953856,0.05250016432912974,-0.005015884284592169
cat_share_computers_accessories,0.0,0.0,0.0,0.011468806923463347,0.0357064630011067,-0.07489815001510575
cat_share_furniture_decor,0.0,0.0,0.0,-0.005491826013686954,-0.04313641327845901,0.06532249631242927
cat_share_housewares,0.0,0.0,0.0,-0.01742719621778589,0.07154214183730453,-0.02850828227859475
cat_share_cool_stuff,0.0,0.0,0.0,-0.03073407450938221,0.06963087852876987,0.01368660063456698
cat_share_auto,0.0,0.0,0.0,0.025484886167097417,-0.13228160966642236,0.07298274430173882
cat_share_garden_tools,0.0,0.0,0.0,-0.020940823499306507,0.04525452987784168,0.011801696153789606
cat_share_toys,0.0,0.0,0.0,-0.04242638557097838,0.1770273625427783,-0.07263709867577194
cat_share_baby,0.0,0.0,0.0,-0.010453989061636887,0.050524741121314165,-0.02570933936090573
cat_share_other,0.119628686929181,0.14805498629779473,0.0,0.053158023685614654,-0.17569360796142275,0.03884295660586322
