weight_tier,dist_band,row_share,lift,shipments,median_ratio
< 0.5 kg,< 100 km,22.02910052910053,1.1864348546232484,8327,0.22228571428571428
< 0.5 kg,100–300,12.44973544973545,0.8969606417725733,4706,0.25631262525050097
< 0.5 kg,300–600,31.55026455026455,0.959569901069901,11926,0.30521042084168337
< 0.5 kg,"600–1,000",17.841269841269842,0.9572440103165574,6744,0.3439635535307517
< 0.5 kg,"1,000–2,000",9.976190476190476,0.98095739298599,3771,0.3799554565701559
< 0.5 kg,"≥ 2,000",6.1534391534391535,1.049178327284388,2326,0.4506053693630461
0.5–2 kg,< 100 km,16.423599602253894,0.8845359337640716,5946,0.15320793753197925
0.5–2 kg,100–300,14.484587338415643,1.0435647253172966,5244,0.18086763070077866
0.5–2 kg,300–600,33.81394321069495,1.0284174349719593,12242,0.21632730339918643
0.5–2 kg,"600–1,000",19.271351231908078,1.0339726769211643,6977,0.2362820512820513
0.5–2 kg,"1,000–2,000",10.192243950944647,1.0022019004807334,3690,0.2541771721631424
0.5–2 kg,"≥ 2,000",5.814274665782786,0.9913498478015458,2105,0.29024390243902437
2–10 kg,< 100 km,16.039654295882052,0.8638575545834599,3155,0.1363901528409754
2–10 kg,100–300,14.377224199288255,1.035829580216164,2828,0.15253164556962026
2–10 kg,300–600,33.97051347229283,1.0331793636775841,6682,0.1839876828329484
2–10 kg,"600–1,000",19.471276054905946,1.0446993147126977,3830,0.19224662456164202
2–10 kg,"1,000–2,000",10.543975597356381,1.0367876233293691,2074,0.22785050505050503
2–10 kg,"≥ 2,000",5.59735638027453,0.9543646825513536,1101,0.26644125910757654
≥ 10 kg,< 100 km,17.91184161374673,0.9646891017164905,959,0.15660881174899866
≥ 10 kg,100–300,18.06126260739634,1.3012518832195306,967,0.18060341205143288
≥ 10 kg,300–600,31.93873739260366,0.9713849160057602,1710,0.2183024006262503
≥ 10 kg,"600–1,000",16.921927530818078,0.9079182096342052,906,0.22232642970204286
≥ 10 kg,"1,000–2,000",10.01120657452372,0.984400520963097,536,0.255569673210263
≥ 10 kg,"≥ 2,000",5.155024280911468,0.8789458410642234,276,0.3080269756421151
